Category	Subcategory	Subsystem	Role	Features
Cofactors, Vitamins, Prosthetic Groups, Pigments	Biotin	Biotin biosynthesis	Long-chain-fatty-acid--CoA ligase (EC 6.2.1.3)	fig|2005473.45.peg.303, fig|2005473.45.peg.1333, fig|2005473.45.peg.1484
Cofactors, Vitamins, Prosthetic Groups, Pigments	Biotin	Biotin biosynthesis	Biotin synthase (EC 2.8.1.6)	fig|2005473.45.peg.1115
Cofactors, Vitamins, Prosthetic Groups, Pigments	Biotin	Biotin biosynthesis	Adenosylmethionine-8-amino-7-oxononanoate aminotransferase (EC 2.6.1.62)	fig|2005473.45.peg.2192
Cofactors, Vitamins, Prosthetic Groups, Pigments	Biotin	Biotin biosynthesis	8-amino-7-oxononanoate synthase (EC 2.3.1.47)	fig|2005473.45.peg.2193
Cofactors, Vitamins, Prosthetic Groups, Pigments	Biotin	Biotin biosynthesis Experimental	Biotin synthase (EC 2.8.1.6)	fig|2005473.45.peg.1115
Cofactors, Vitamins, Prosthetic Groups, Pigments	Biotin	Biotin biosynthesis Experimental	Competence protein F homolog, phosphoribosyltransferase domain	fig|2005473.45.peg.1338
Cofactors, Vitamins, Prosthetic Groups, Pigments	Biotin	Biotin biosynthesis Experimental	Adenosylmethionine-8-amino-7-oxononanoate aminotransferase (EC 2.6.1.62)	fig|2005473.45.peg.2192
Cofactors, Vitamins, Prosthetic Groups, Pigments	Biotin	Biotin biosynthesis Experimental	8-amino-7-oxononanoate synthase (EC 2.3.1.47)	fig|2005473.45.peg.2193
Cofactors, Vitamins, Prosthetic Groups, Pigments	Cofactors, Vitamins, Prosthetic Groups, Pigments - no subcategory	Thiamin biosynthesis	Thiamin-regulated outer membrane receptor Omr1	fig|2005473.45.peg.541, fig|2005473.45.peg.588
Cofactors, Vitamins, Prosthetic Groups, Pigments	Cofactors, Vitamins, Prosthetic Groups, Pigments - no subcategory	Thiamin biosynthesis	Thiamine-monophosphate kinase (EC 2.7.4.16)	fig|2005473.45.peg.1763
Cofactors, Vitamins, Prosthetic Groups, Pigments	Cofactors, Vitamins, Prosthetic Groups, Pigments - no subcategory	Thiamin biosynthesis	Thiamin-phosphate pyrophosphorylase (EC 2.5.1.3)	fig|2005473.45.peg.16
Cofactors, Vitamins, Prosthetic Groups, Pigments	Cofactors, Vitamins, Prosthetic Groups, Pigments - no subcategory	Thiamin biosynthesis	1-deoxy-D-xylulose 5-phosphate synthase (EC 2.2.1.7)	fig|2005473.45.peg.280, fig|2005473.45.peg.1789
Cofactors, Vitamins, Prosthetic Groups, Pigments	Riboflavin, FMN, FAD	riboflavin to FAD	FMN adenylyltransferase (EC 2.7.7.2)	fig|2005473.45.peg.357
Cofactors, Vitamins, Prosthetic Groups, Pigments	Riboflavin, FMN, FAD	riboflavin to FAD	Riboflavin synthase eubacterial/eukaryotic (EC 2.5.1.9)	fig|2005473.45.peg.681
Cofactors, Vitamins, Prosthetic Groups, Pigments	Riboflavin, FMN, FAD	riboflavin to FAD	Riboflavin kinase (EC 2.7.1.26)	fig|2005473.45.peg.357
Cofactors, Vitamins, Prosthetic Groups, Pigments	Riboflavin, FMN, FAD	riboflavin to FAD	3,4-dihydroxy-2-butanone 4-phosphate synthase (EC 4.1.99.12)	fig|2005473.45.peg.2196
Cofactors, Vitamins, Prosthetic Groups, Pigments	Riboflavin, FMN, FAD	Flavodoxin	Flavodoxin	fig|2005473.45.peg.1849
Cofactors, Vitamins, Prosthetic Groups, Pigments	Riboflavin, FMN, FAD	Flavodoxin	Flavodoxin 1	fig|2005473.45.peg.2138
Cofactors, Vitamins, Prosthetic Groups, Pigments	Riboflavin, FMN, FAD	Riboflavin, FMN and FAD metabolism	FMN adenylyltransferase (EC 2.7.7.2)	fig|2005473.45.peg.357
Cofactors, Vitamins, Prosthetic Groups, Pigments	Riboflavin, FMN, FAD	Riboflavin, FMN and FAD metabolism	Riboflavin synthase eubacterial/eukaryotic (EC 2.5.1.9)	fig|2005473.45.peg.681
Cofactors, Vitamins, Prosthetic Groups, Pigments	Riboflavin, FMN, FAD	Riboflavin, FMN and FAD metabolism	Diaminohydroxyphosphoribosylaminopyrimidine deaminase (EC 3.5.4.26)	fig|2005473.45.peg.1348
Cofactors, Vitamins, Prosthetic Groups, Pigments	Riboflavin, FMN, FAD	Riboflavin, FMN and FAD metabolism	6,7-dimethyl-8-ribityllumazine synthase (EC 2.5.1.78)	fig|2005473.45.peg.1062
Cofactors, Vitamins, Prosthetic Groups, Pigments	Riboflavin, FMN, FAD	Riboflavin, FMN and FAD metabolism	5-amino-6-(5-phosphoribosylamino)uracil reductase (EC 1.1.1.193)	fig|2005473.45.peg.1348
Cofactors, Vitamins, Prosthetic Groups, Pigments	Riboflavin, FMN, FAD	Riboflavin, FMN and FAD metabolism	Riboflavin kinase (EC 2.7.1.26)	fig|2005473.45.peg.357
Cofactors, Vitamins, Prosthetic Groups, Pigments	Riboflavin, FMN, FAD	Riboflavin, FMN and FAD metabolism	GTP cyclohydrolase II (EC 3.5.4.25)	fig|2005473.45.peg.2196
Cofactors, Vitamins, Prosthetic Groups, Pigments	Riboflavin, FMN, FAD	Riboflavin, FMN and FAD metabolism	3,4-dihydroxy-2-butanone 4-phosphate synthase (EC 4.1.99.12)	fig|2005473.45.peg.2196
Cofactors, Vitamins, Prosthetic Groups, Pigments	Pyridoxine	Pyridoxin (Vitamin B6) Biosynthesis	D-3-phosphoglycerate dehydrogenase (EC 1.1.1.95)	fig|2005473.45.peg.885
Cofactors, Vitamins, Prosthetic Groups, Pigments	Pyridoxine	Pyridoxin (Vitamin B6) Biosynthesis	4-hydroxythreonine-4-phosphate dehydrogenase (EC 1.1.1.262)	fig|2005473.45.peg.1053
Cofactors, Vitamins, Prosthetic Groups, Pigments	Pyridoxine	Pyridoxin (Vitamin B6) Biosynthesis	Erythronate-4-phosphate dehydrogenase (EC 1.1.1.290)	fig|2005473.45.peg.1021
Cofactors, Vitamins, Prosthetic Groups, Pigments	Pyridoxine	Pyridoxin (Vitamin B6) Biosynthesis	Pyridoxine 5'-phosphate synthase (EC 2.6.99.2)	fig|2005473.45.peg.825
Cofactors, Vitamins, Prosthetic Groups, Pigments	Pyridoxine	Pyridoxin (Vitamin B6) Biosynthesis	Phosphoserine aminotransferase (EC 2.6.1.52)	fig|2005473.45.peg.886
Cofactors, Vitamins, Prosthetic Groups, Pigments	Pyridoxine	Pyridoxin (Vitamin B6) Biosynthesis	NAD-dependent glyceraldehyde-3-phosphate dehydrogenase (EC 1.2.1.12)	fig|2005473.45.peg.772
Cofactors, Vitamins, Prosthetic Groups, Pigments	Pyridoxine	Pyridoxin (Vitamin B6) Biosynthesis	1-deoxy-D-xylulose 5-phosphate synthase (EC 2.2.1.7)	fig|2005473.45.peg.280, fig|2005473.45.peg.1789
Cofactors, Vitamins, Prosthetic Groups, Pigments	NAD and NADP	NAD and NADP cofactor biosynthesis global	Quinolinate synthetase (EC 2.5.1.72)	fig|2005473.45.peg.1093
Cofactors, Vitamins, Prosthetic Groups, Pigments	NAD and NADP	NAD and NADP cofactor biosynthesis global	Quinolinate phosphoribosyltransferase [decarboxylating] (EC 2.4.2.19)	fig|2005473.45.peg.52
Cofactors, Vitamins, Prosthetic Groups, Pigments	NAD and NADP	NAD and NADP cofactor biosynthesis global	NAD kinase (EC 2.7.1.23)	fig|2005473.45.peg.823
Cofactors, Vitamins, Prosthetic Groups, Pigments	NAD and NADP	NAD and NADP cofactor biosynthesis global	L-aspartate oxidase (EC 1.4.3.16)	fig|2005473.45.peg.225
Cofactors, Vitamins, Prosthetic Groups, Pigments	NAD and NADP	NAD and NADP cofactor biosynthesis global	Glutamine amidotransferase chain of NAD synthetase	fig|2005473.45.peg.2185
Cofactors, Vitamins, Prosthetic Groups, Pigments	NAD and NADP	NAD and NADP cofactor biosynthesis global	ADP-ribose pyrophosphatase (EC 3.6.1.13)	fig|2005473.45.peg.321
Cofactors, Vitamins, Prosthetic Groups, Pigments	NAD and NADP	NAD and NADP cofactor biosynthesis global	Nicotinate-nucleotide adenylyltransferase (EC 2.7.7.18)	fig|2005473.45.peg.84
Cofactors, Vitamins, Prosthetic Groups, Pigments	NAD and NADP	NAD and NADP cofactor biosynthesis global	NAD synthetase (EC 6.3.1.5)	fig|2005473.45.peg.2185
Cofactors, Vitamins, Prosthetic Groups, Pigments	Folate and pterines	Folate biosynthesis cluster	Ketopantoate reductase PanG (EC 1.1.1.169)	fig|2005473.45.peg.702
Cofactors, Vitamins, Prosthetic Groups, Pigments	Folate and pterines	Folate biosynthesis cluster	Dihydropteroate synthase (EC 2.5.1.15)	fig|2005473.45.peg.1255
Cofactors, Vitamins, Prosthetic Groups, Pigments	Folate and pterines	Folate biosynthesis cluster	tRNA(Ile)-lysidine synthetase (EC 6.3.4.19)	fig|2005473.45.peg.1750
Cofactors, Vitamins, Prosthetic Groups, Pigments	Folate and pterines	Folate biosynthesis cluster	Hypoxanthine-guanine phosphoribosyltransferase (EC 2.4.2.8)	fig|2005473.45.peg.318
Cofactors, Vitamins, Prosthetic Groups, Pigments	Folate and pterines	Folate biosynthesis cluster	Aspartate 1-decarboxylase (EC 4.1.1.11)	fig|2005473.45.peg.1922
Cofactors, Vitamins, Prosthetic Groups, Pigments	Folate and pterines	Folate biosynthesis cluster	GTP cyclohydrolase I (EC 3.5.4.16) type 1	fig|2005473.45.peg.382
Cofactors, Vitamins, Prosthetic Groups, Pigments	Folate and pterines	Folate biosynthesis cluster	Pantoate--beta-alanine ligase (EC 6.3.2.1)	fig|2005473.45.peg.1923
Cofactors, Vitamins, Prosthetic Groups, Pigments	Folate and pterines	Folate biosynthesis cluster	2-amino-4-hydroxy-6-hydroxymethyldihydropteridine pyrophosphokinase (EC 2.7.6.3)	fig|2005473.45.peg.686
Cofactors, Vitamins, Prosthetic Groups, Pigments	Folate and pterines	Folate biosynthesis cluster	Dihydroneopterin aldolase (EC 4.1.2.25)	fig|2005473.45.peg.1264
Cofactors, Vitamins, Prosthetic Groups, Pigments	Folate and pterines	Folate Biosynthesis	Folylpolyglutamate synthase (EC 6.3.2.17)	fig|2005473.45.peg.460
Cofactors, Vitamins, Prosthetic Groups, Pigments	Folate and pterines	Folate Biosynthesis	Dihydropteroate synthase (EC 2.5.1.15)	fig|2005473.45.peg.1255
Cofactors, Vitamins, Prosthetic Groups, Pigments	Folate and pterines	Folate Biosynthesis	5-formyltetrahydrofolate cyclo-ligase (EC 6.3.3.2)	fig|2005473.45.peg.2200
Cofactors, Vitamins, Prosthetic Groups, Pigments	Folate and pterines	Folate Biosynthesis	Dihydrofolate reductase (EC 1.5.1.3)	fig|2005473.45.peg.144
Cofactors, Vitamins, Prosthetic Groups, Pigments	Folate and pterines	Folate Biosynthesis	Dihydrofolate synthase (EC 6.3.2.12)	fig|2005473.45.peg.460
Cofactors, Vitamins, Prosthetic Groups, Pigments	Folate and pterines	Folate Biosynthesis	GTP cyclohydrolase I (EC 3.5.4.16) type 1	fig|2005473.45.peg.382
Cofactors, Vitamins, Prosthetic Groups, Pigments	Folate and pterines	Folate Biosynthesis	Thymidylate synthase (EC 2.1.1.45)	fig|2005473.45.peg.145, fig|2005473.45.peg.586
Cofactors, Vitamins, Prosthetic Groups, Pigments	Folate and pterines	Folate Biosynthesis	2-amino-4-hydroxy-6-hydroxymethyldihydropteridine pyrophosphokinase (EC 2.7.6.3)	fig|2005473.45.peg.686
Cofactors, Vitamins, Prosthetic Groups, Pigments	Folate and pterines	Folate Biosynthesis	Dihydroneopterin aldolase (EC 4.1.2.25)	fig|2005473.45.peg.1264
Cofactors, Vitamins, Prosthetic Groups, Pigments	Folate and pterines	5-FCL-like protein	Alcohol dehydrogenase (EC 1.1.1.1)	fig|2005473.45.peg.1848, fig|2005473.45.peg.1958
Cofactors, Vitamins, Prosthetic Groups, Pigments	Folate and pterines	5-FCL-like protein	5-formyltetrahydrofolate cyclo-ligase (EC 6.3.3.2)	fig|2005473.45.peg.2200
Cofactors, Vitamins, Prosthetic Groups, Pigments	Folate and pterines	5-FCL-like protein	Dihydrofolate reductase (EC 1.5.1.3)	fig|2005473.45.peg.144
Cofactors, Vitamins, Prosthetic Groups, Pigments	Folate and pterines	5-FCL-like protein	Thiamine-monophosphate kinase (EC 2.7.4.16)	fig|2005473.45.peg.1763
Cofactors, Vitamins, Prosthetic Groups, Pigments	Folate and pterines	5-FCL-like protein	Serine hydroxymethyltransferase (EC 2.1.2.1)	fig|2005473.45.peg.931
Cofactors, Vitamins, Prosthetic Groups, Pigments	Folate and pterines	5-FCL-like protein	Methylenetetrahydrofolate dehydrogenase (NADP+) (EC 1.5.1.5)	fig|2005473.45.peg.1920
Cofactors, Vitamins, Prosthetic Groups, Pigments	Folate and pterines	5-FCL-like protein	Phosphoribosylglycinamide formyltransferase (EC 2.1.2.2)	fig|2005473.45.peg.1573
Cofactors, Vitamins, Prosthetic Groups, Pigments	Folate and pterines	5-FCL-like protein	Phosphoribosylaminoimidazolecarboxamide formyltransferase (EC 2.1.2.3)	fig|2005473.45.peg.2139
Cofactors, Vitamins, Prosthetic Groups, Pigments	Folate and pterines	5-FCL-like protein	Thiamin-phosphate pyrophosphorylase (EC 2.5.1.3)	fig|2005473.45.peg.16
Cofactors, Vitamins, Prosthetic Groups, Pigments	Folate and pterines	5-FCL-like protein	5,10-methylenetetrahydrofolate reductase (EC 1.5.1.20)	fig|2005473.45.peg.57
Cofactors, Vitamins, Prosthetic Groups, Pigments	Lipoic acid	Lipoic acid metabolism	Lipoate-protein ligase A	fig|2005473.45.peg.1400
Cofactors, Vitamins, Prosthetic Groups, Pigments	Coenzyme A	Coenzyme A Biosynthesis cluster	Ketopantoate reductase PanG (EC 1.1.1.169)	fig|2005473.45.peg.702
Cofactors, Vitamins, Prosthetic Groups, Pigments	Coenzyme A	Coenzyme A Biosynthesis cluster	3-methyl-2-oxobutanoate hydroxymethyltransferase (EC 2.1.2.11)	fig|2005473.45.peg.229
Cofactors, Vitamins, Prosthetic Groups, Pigments	Coenzyme A	Coenzyme A Biosynthesis cluster	Pantoate--beta-alanine ligase (EC 6.3.2.1)	fig|2005473.45.peg.1923
Cofactors, Vitamins, Prosthetic Groups, Pigments	Coenzyme A	Coenzyme A Biosynthesis cluster	Pantothenate kinase type III, CoaX-like (EC 2.7.1.33)	fig|2005473.45.peg.534
Cofactors, Vitamins, Prosthetic Groups, Pigments	Coenzyme A	Coenzyme A Biosynthesis cluster	Aspartate 1-decarboxylase (EC 4.1.1.11)	fig|2005473.45.peg.1922
Cofactors, Vitamins, Prosthetic Groups, Pigments	Coenzyme A	Coenzyme A Biosynthesis	Ketopantoate reductase PanG (EC 1.1.1.169)	fig|2005473.45.peg.702
Cofactors, Vitamins, Prosthetic Groups, Pigments	Coenzyme A	Coenzyme A Biosynthesis	3-methyl-2-oxobutanoate hydroxymethyltransferase (EC 2.1.2.11)	fig|2005473.45.peg.229
Cofactors, Vitamins, Prosthetic Groups, Pigments	Coenzyme A	Coenzyme A Biosynthesis	Dephospho-CoA kinase (EC 2.7.1.24)	fig|2005473.45.peg.1767
Cofactors, Vitamins, Prosthetic Groups, Pigments	Coenzyme A	Coenzyme A Biosynthesis	Pantothenate kinase type III, CoaX-like (EC 2.7.1.33)	fig|2005473.45.peg.534
Cofactors, Vitamins, Prosthetic Groups, Pigments	Coenzyme A	Coenzyme A Biosynthesis	Aspartate 1-decarboxylase (EC 4.1.1.11)	fig|2005473.45.peg.1922
Cofactors, Vitamins, Prosthetic Groups, Pigments	Coenzyme A	Coenzyme A Biosynthesis	Phosphopantetheine adenylyltransferase (EC 2.7.7.3)	fig|2005473.45.peg.2059
Cofactors, Vitamins, Prosthetic Groups, Pigments	Coenzyme A	Coenzyme A Biosynthesis	Phosphopantothenoylcysteine synthetase (EC 6.3.2.5)	fig|2005473.45.peg.1547
Cofactors, Vitamins, Prosthetic Groups, Pigments	Coenzyme A	Coenzyme A Biosynthesis	Pantoate--beta-alanine ligase (EC 6.3.2.1)	fig|2005473.45.peg.1923
Cofactors, Vitamins, Prosthetic Groups, Pigments	Coenzyme A	Coenzyme A Biosynthesis	Phosphopantothenoylcysteine decarboxylase (EC 4.1.1.36)	fig|2005473.45.peg.1547
Cell Wall and Capsule	Capsular and extracellular polysacchrides	dTDP-rhamnose synthesis	dTDP-4-dehydrorhamnose reductase (EC 1.1.1.133)	fig|2005473.45.peg.408
Cell Wall and Capsule	Capsular and extracellular polysacchrides	dTDP-rhamnose synthesis	dTDP-glucose 4,6-dehydratase (EC 4.2.1.46)	fig|2005473.45.peg.407, fig|2005473.45.peg.1370
Cell Wall and Capsule	Capsular and extracellular polysacchrides	dTDP-rhamnose synthesis	dTDP-4-dehydrorhamnose 3,5-epimerase (EC 5.1.3.13)	fig|2005473.45.peg.409
Cell Wall and Capsule	Capsular and extracellular polysacchrides	dTDP-rhamnose synthesis	Glucose-1-phosphate thymidylyltransferase (EC 2.7.7.24)	fig|2005473.45.peg.410
Cell Wall and Capsule	Capsular and extracellular polysacchrides	Rhamnose containing glycans	UDP-glucose 4-epimerase (EC 5.1.3.2)	fig|2005473.45.peg.615, fig|2005473.45.peg.1354
Cell Wall and Capsule	Capsular and extracellular polysacchrides	Rhamnose containing glycans	dTDP-4-dehydrorhamnose reductase (EC 1.1.1.133)	fig|2005473.45.peg.408
Cell Wall and Capsule	Capsular and extracellular polysacchrides	Rhamnose containing glycans	putative polysialic acid transport protein	fig|2005473.45.peg.524
Cell Wall and Capsule	Capsular and extracellular polysacchrides	Rhamnose containing glycans	dTDP-glucose 4,6-dehydratase (EC 4.2.1.46)	fig|2005473.45.peg.407, fig|2005473.45.peg.1370
Cell Wall and Capsule	Capsular and extracellular polysacchrides	Rhamnose containing glycans	dTDP-4-dehydrorhamnose 3,5-epimerase (EC 5.1.3.13)	fig|2005473.45.peg.409
Cell Wall and Capsule	Capsular and extracellular polysacchrides	Rhamnose containing glycans	Alpha-D-GlcNAc alpha-1,2-L-rhamnosyltransferase (EC 2.4.1.-)	fig|2005473.45.peg.1622
Cell Wall and Capsule	Capsular and extracellular polysacchrides	Rhamnose containing glycans	Glucose-1-phosphate thymidylyltransferase (EC 2.7.7.24)	fig|2005473.45.peg.410
Cell Wall and Capsule	Gram-Negative cell wall components	Lipoprotein sorting system	Lipoprotein releasing system transmembrane protein LolC	fig|2005473.45.peg.520
Cell Wall and Capsule	Cell Wall and Capsule - no subcategory	Murein Hydrolases	N-acetylmuramoyl-L-alanine amidase (EC 3.5.1.28)	fig|2005473.45.peg.291, fig|2005473.45.peg.431, fig|2005473.45.peg.522
Cell Wall and Capsule	Cell Wall and Capsule - no subcategory	Murein Hydrolases	D-alanyl-D-alanine carboxypeptidase (EC 3.4.16.4)	fig|2005473.45.peg.2241
Cell Wall and Capsule	Cell Wall and Capsule - no subcategory	Murein Hydrolases	Muramoyltetrapeptide carboxypeptidase (EC 3.4.17.13)	fig|2005473.45.peg.1107
Cell Wall and Capsule	Cell Wall and Capsule - no subcategory	Recycling of Peptidoglycan Amino Acids	N-acetylmuramoyl-L-alanine amidase (EC 3.5.1.28)	fig|2005473.45.peg.291, fig|2005473.45.peg.431, fig|2005473.45.peg.522
Cell Wall and Capsule	Cell Wall and Capsule - no subcategory	Recycling of Peptidoglycan Amino Acids	Muramoyltetrapeptide carboxypeptidase (EC 3.4.17.13)	fig|2005473.45.peg.1107
Cell Wall and Capsule	Gram-Positive cell wall components	Teichuronic acid biosynthesis	Putative N-acetylgalactosaminyl-diphosphoundecaprenol glucuronosyltransferase	fig|2005473.45.peg.1701
Virulence, Disease and Defense	Resistance to antibiotics and toxic compounds	Resistance to fluoroquinolones	DNA gyrase subunit B (EC 5.99.1.3)	fig|2005473.45.peg.1266
Virulence, Disease and Defense	Resistance to antibiotics and toxic compounds	Resistance to fluoroquinolones	DNA gyrase subunit A (EC 5.99.1.3)	fig|2005473.45.peg.959
Virulence, Disease and Defense	Resistance to antibiotics and toxic compounds	Copper homeostasis: copper tolerance	Cytoplasmic copper homeostasis protein CutC	fig|2005473.45.peg.35
Virulence, Disease and Defense	Resistance to antibiotics and toxic compounds	Beta-lactamase	Beta-lactamase (EC 3.5.2.6)	fig|2005473.45.peg.1011
Virulence, Disease and Defense	Resistance to antibiotics and toxic compounds	Multidrug Resistance Efflux Pumps	RND efflux system, membrane fusion protein CmeA	fig|2005473.45.peg.835
Virulence, Disease and Defense	Resistance to antibiotics and toxic compounds	Multidrug Resistance Efflux Pumps	Multi antimicrobial extrusion protein (Na(+)/drug antiporter), MATE family of MDR efflux pumps	fig|2005473.45.peg.266, fig|2005473.45.peg.1137
Virulence, Disease and Defense	Resistance to antibiotics and toxic compounds	Multidrug Resistance Efflux Pumps	Acriflavin resistance protein	fig|2005473.45.peg.731
Virulence, Disease and Defense	Invasion and intracellular resistance	Mycobacterium virulence operon involved in protein synthesis (SSU ribosomal proteins)	SSU ribosomal protein S7p (S5e)	fig|2005473.45.peg.215
Virulence, Disease and Defense	Invasion and intracellular resistance	Mycobacterium virulence operon involved in protein synthesis (SSU ribosomal proteins)	Translation elongation factor G	fig|2005473.45.peg.214
Virulence, Disease and Defense	Invasion and intracellular resistance	Mycobacterium virulence operon involved in protein synthesis (SSU ribosomal proteins)	Translation elongation factor Tu	fig|2005473.45.peg.598
Virulence, Disease and Defense	Invasion and intracellular resistance	Mycobacterium virulence operon involved in protein synthesis (SSU ribosomal proteins)	SSU ribosomal protein S12p (S23e)	fig|2005473.45.peg.216
Virulence, Disease and Defense	Invasion and intracellular resistance	Mycobacterium virulence operon involved in DNA transcription	DNA-directed RNA polymerase beta' subunit (EC 2.7.7.6)	fig|2005473.45.peg.605
Virulence, Disease and Defense	Invasion and intracellular resistance	Mycobacterium virulence operon involved in DNA transcription	DNA-directed RNA polymerase beta subunit (EC 2.7.7.6)	fig|2005473.45.peg.604
Virulence, Disease and Defense	Invasion and intracellular resistance	Mycobacterium virulence operon possibly involved in quinolinate biosynthesis	Quinolinate synthetase (EC 2.5.1.72)	fig|2005473.45.peg.1093
Virulence, Disease and Defense	Invasion and intracellular resistance	Mycobacterium virulence operon possibly involved in quinolinate biosynthesis	Quinolinate phosphoribosyltransferase [decarboxylating] (EC 2.4.2.19)	fig|2005473.45.peg.52
Virulence, Disease and Defense	Invasion and intracellular resistance	Mycobacterium virulence operon possibly involved in quinolinate biosynthesis	L-aspartate oxidase (EC 1.4.3.16)	fig|2005473.45.peg.225
Virulence, Disease and Defense	Invasion and intracellular resistance	Mycobacterium virulence operon involved in protein synthesis (LSU ribosomal proteins)	LSU ribosomal protein L35p	fig|2005473.45.peg.2215
Virulence, Disease and Defense	Invasion and intracellular resistance	Mycobacterium virulence operon involved in protein synthesis (LSU ribosomal proteins)	Translation initiation factor 3	fig|2005473.45.peg.2214
Virulence, Disease and Defense	Invasion and intracellular resistance	Mycobacterium virulence operon involved in protein synthesis (LSU ribosomal proteins)	LSU ribosomal protein L20p	fig|2005473.45.peg.2216
Potassium metabolism	Potassium metabolism - no subcategory	Potassium homeostasis	POTASSIUM/PROTON ANTIPORTER ROSB	fig|2005473.45.peg.609
Potassium metabolism	Potassium metabolism - no subcategory	Potassium homeostasis	FKBP-type peptidyl-prolyl cis-trans isomerase SlyD (EC 5.2.1.8)	fig|2005473.45.peg.2026
Potassium metabolism	Potassium metabolism - no subcategory	Potassium homeostasis	Large-conductance mechanosensitive channel	fig|2005473.45.peg.773
Potassium metabolism	Potassium metabolism - no subcategory	Potassium homeostasis	Potassium voltage-gated channel subfamily KQT	fig|2005473.45.peg.1164
Miscellaneous	Miscellaneous - no subcategory	Muconate lactonizing enzyme family	O-succinylbenzoate synthase (EC 4.2.1.113)	fig|2005473.45.peg.2164
Miscellaneous	Miscellaneous - no subcategory	Broadly distributed proteins not in subsystems	YpfJ protein, zinc metalloprotease superfamily	fig|2005473.45.peg.1340
Miscellaneous	Miscellaneous - no subcategory	Broadly distributed proteins not in subsystems	UPF0028 protein YchK	fig|2005473.45.peg.1737
Phages, Prophages, Transposable elements, Plasmids	Phages, Prophages	Phage lysis modules	Phage endolysin	fig|2005473.45.peg.570
Membrane Transport	Protein translocation across cytoplasmic membrane	Twin-arginine translocation system	Twin-arginine translocation protein TatC	fig|2005473.45.peg.1804
Membrane Transport	Protein translocation across cytoplasmic membrane	Twin-arginine translocation system	Twin-arginine translocation protein TatA	fig|2005473.45.peg.1803
Membrane Transport	Uni- Sym- and Antiporters	NhaA, NhaD and Sodium-dependent phosphate transporters	Na+/H+ antiporter NhaA type	fig|2005473.45.peg.1646
Membrane Transport	Uni- Sym- and Antiporters	NhaA, NhaD and Sodium-dependent phosphate transporters	Sodium-dependent phosphate transporter	fig|2005473.45.peg.782
RNA Metabolism	RNA processing and modification	Ribonuclease H	Ribonuclease HII (EC 3.1.26.4)	fig|2005473.45.peg.784
RNA Metabolism	RNA processing and modification	Ribonuclease H	Ribonuclease HI-related protein 3	fig|2005473.45.peg.774
RNA Metabolism	RNA processing and modification	RNA 3'-terminal phosphate cyclase	RNA-2',3'-PO4:RNA-5'-OH ligase	fig|2005473.45.peg.807, fig|2005473.45.peg.1157
RNA Metabolism	RNA processing and modification	RNA processing and degradation, bacterial	3'-to-5' exoribonuclease RNase R	fig|2005473.45.peg.1265
RNA Metabolism	RNA processing and modification	tRNA processing	Ribonuclease Z (EC 3.1.26.11)	fig|2005473.45.peg.1019
RNA Metabolism	RNA processing and modification	tRNA processing	tRNA dimethylallyltransferase (EC 2.5.1.75)	fig|2005473.45.peg.178, fig|2005473.45.peg.908
RNA Metabolism	RNA processing and modification	tRNA processing	tRNA(Ile)-lysidine synthetase (EC 6.3.4.19)	fig|2005473.45.peg.1750
RNA Metabolism	RNA processing and modification	RNA methylation	tRNA (adenine37-N(6))-methyltransferase TrmN6 (EC 2.1.1.223)	fig|2005473.45.peg.2126
RNA Metabolism	RNA processing and modification	RNA methylation	SSU rRNA (adenine(1518)-N(6)/adenine(1519)-N(6))-dimethyltransferase (EC 2.1.1.182)	fig|2005473.45.peg.2065
RNA Metabolism	RNA processing and modification	RNA methylation	16S rRNA (guanine(966)-N(2))-methyltransferase (EC 2.1.1.171)	fig|2005473.45.peg.231
RNA Metabolism	Transcription	Transcription initiation, bacterial sigma factors	RNA polymerase sigma-54 factor RpoN	fig|2005473.45.peg.1352
RNA Metabolism	Transcription	Transcription initiation, bacterial sigma factors	RNA polymerase sigma factor RpoD	fig|2005473.45.peg.473
RNA Metabolism	Transcription	RNA polymerase bacterial	DNA-directed RNA polymerase alpha subunit (EC 2.7.7.6)	fig|2005473.45.peg.185
RNA Metabolism	Transcription	RNA polymerase bacterial	DNA-directed RNA polymerase beta' subunit (EC 2.7.7.6)	fig|2005473.45.peg.605
RNA Metabolism	Transcription	RNA polymerase bacterial	DNA-directed RNA polymerase omega subunit (EC 2.7.7.6)	fig|2005473.45.peg.122
RNA Metabolism	Transcription	RNA polymerase bacterial	DNA-directed RNA polymerase beta subunit (EC 2.7.7.6)	fig|2005473.45.peg.604
RNA Metabolism	Transcription	Transcription factors bacterial	Transcription termination protein NusB	fig|2005473.45.peg.1764
RNA Metabolism	Transcription	Transcription factors bacterial	Transcription accessory protein (S1 RNA-binding domain)	fig|2005473.45.peg.1587
RNA Metabolism	Transcription	Transcription factors bacterial	Transcription elongation factor GreA	fig|2005473.45.peg.767
RNA Metabolism	Transcription	Transcription factors bacterial	Transcription termination factor Rho	fig|2005473.45.peg.1320
RNA Metabolism	Transcription	Transcription factors bacterial	Transcription antitermination protein NusG	fig|2005473.45.peg.599
RNA Metabolism	Transcription	Transcription factors bacterial	Transcription-repair coupling factor	fig|2005473.45.peg.1380
RNA Metabolism	Transcription	Transcription factors bacterial	Transcription termination protein NusA	fig|2005473.45.peg.684
RNA Metabolism	RNA Metabolism - no subcategory	Group II intron-associated genes	Retron-type RNA-directed DNA polymerase (EC 2.7.7.49)	fig|2005473.45.peg.72
Nucleosides and Nucleotides	Pyrimidines	pyrimidine conversions	Nucleoside diphosphate kinase (EC 2.7.4.6)	fig|2005473.45.peg.1434
Nucleosides and Nucleotides	Pyrimidines	pyrimidine conversions	Thioredoxin reductase (EC 1.8.1.9)	fig|2005473.45.peg.115
Nucleosides and Nucleotides	Pyrimidines	pyrimidine conversions	Cytidylate kinase (EC 2.7.4.25)	fig|2005473.45.peg.1142, fig|2005473.45.peg.1552
Nucleosides and Nucleotides	Pyrimidines	pyrimidine conversions	Thymidine kinase (EC 2.7.1.21)	fig|2005473.45.peg.1753
Nucleosides and Nucleotides	Pyrimidines	pyrimidine conversions	Purine nucleoside phosphorylase (EC 2.4.2.1)	fig|2005473.45.peg.882, fig|2005473.45.peg.1762
Nucleosides and Nucleotides	Pyrimidines	pyrimidine conversions	5'-nucleotidase (EC 3.1.3.5)	fig|2005473.45.peg.480, fig|2005473.45.peg.1751
Nucleosides and Nucleotides	Pyrimidines	pyrimidine conversions	Thymidylate synthase (EC 2.1.1.45)	fig|2005473.45.peg.145, fig|2005473.45.peg.586
Nucleosides and Nucleotides	Pyrimidines	pyrimidine conversions	Cytidine deaminase (EC 3.5.4.5)	fig|2005473.45.peg.449
Nucleosides and Nucleotides	Pyrimidines	pyrimidine conversions	Uridine kinase (EC 2.7.1.48)	fig|2005473.45.peg.2129
Nucleosides and Nucleotides	Pyrimidines	pyrimidine conversions	Uracil phosphoribosyltransferase (EC 2.4.2.9)	fig|2005473.45.peg.1091
Nucleosides and Nucleotides	Pyrimidines	pyrimidine conversions	2',3'-cyclic-nucleotide 2'-phosphodiesterase (EC 3.1.4.16)	fig|2005473.45.peg.1751
Nucleosides and Nucleotides	Pyrimidines	pyrimidine conversions	CTP synthase (EC 6.3.4.2)	fig|2005473.45.peg.770
Nucleosides and Nucleotides	Purines	De Novo Purine Biosynthesis	Phosphoribosylamine--glycine ligase (EC 6.3.4.13)	fig|2005473.45.peg.1023
Nucleosides and Nucleotides	Purines	De Novo Purine Biosynthesis	IMP cyclohydrolase (EC 3.5.4.10)	fig|2005473.45.peg.2139
Nucleosides and Nucleotides	Purines	De Novo Purine Biosynthesis	Amidophosphoribosyltransferase (EC 2.4.2.14)	fig|2005473.45.peg.418, fig|2005473.45.peg.1306
Nucleosides and Nucleotides	Purines	De Novo Purine Biosynthesis	Ribose-phosphate pyrophosphokinase (EC 2.7.6.1)	fig|2005473.45.peg.1739
Nucleosides and Nucleotides	Purines	De Novo Purine Biosynthesis	Phosphoribosylaminoimidazole-succinocarboxamide synthase (EC 6.3.2.6)	fig|2005473.45.peg.704
Nucleosides and Nucleotides	Purines	De Novo Purine Biosynthesis	Phosphoribosylglycinamide formyltransferase (EC 2.1.2.2)	fig|2005473.45.peg.1573
Nucleosides and Nucleotides	Purines	De Novo Purine Biosynthesis	Adenylosuccinate lyase (EC 4.3.2.2)	fig|2005473.45.peg.454
Nucleosides and Nucleotides	Purines	De Novo Purine Biosynthesis	Phosphoribosylformylglycinamidine cyclo-ligase (EC 6.3.3.1)	fig|2005473.45.peg.487
Nucleosides and Nucleotides	Purines	De Novo Purine Biosynthesis	Phosphoribosylaminoimidazolecarboxamide formyltransferase (EC 2.1.2.3)	fig|2005473.45.peg.2139
Nucleosides and Nucleotides	Purines	De Novo Purine Biosynthesis	Phosphoribosylformylglycinamidine synthase, synthetase subunit (EC 6.3.5.3)	fig|2005473.45.peg.419
Nucleosides and Nucleotides	Purines	De Novo Purine Biosynthesis	Phosphoribosylformylglycinamidine synthase, glutamine amidotransferase subunit (EC 6.3.5.3)	fig|2005473.45.peg.419
Nucleosides and Nucleotides	Purines	GMP synthase	GMP synthase [glutamine-hydrolyzing], ATP pyrophosphatase subunit (EC 6.3.5.2)	fig|2005473.45.peg.821
Nucleosides and Nucleotides	Purines	GMP synthase	GMP synthase [glutamine-hydrolyzing], amidotransferase subunit (EC 6.3.5.2)	fig|2005473.45.peg.821
Nucleosides and Nucleotides	Purines	Purine conversions	Nucleoside diphosphate kinase (EC 2.7.4.6)	fig|2005473.45.peg.1434
Nucleosides and Nucleotides	Purines	Purine conversions	Adenylate kinase (EC 2.7.4.3)	fig|2005473.45.peg.319
Nucleosides and Nucleotides	Purines	Purine conversions	Adenylosuccinate synthetase (EC 6.3.4.4)	fig|2005473.45.peg.422
Nucleosides and Nucleotides	Purines	Purine conversions	dNTP triphosphohydrolase, broad substrate specificity, subgroup 3	fig|2005473.45.peg.1160
Nucleosides and Nucleotides	Purines	Purine conversions	GMP synthase [glutamine-hydrolyzing], amidotransferase subunit (EC 6.3.5.2)	fig|2005473.45.peg.821
Nucleosides and Nucleotides	Purines	Purine conversions	Inosine-5'-monophosphate dehydrogenase (EC 1.1.1.205)	fig|2005473.45.peg.695
Nucleosides and Nucleotides	Purines	Purine conversions	Hypoxanthine-guanine phosphoribosyltransferase (EC 2.4.2.8)	fig|2005473.45.peg.318
Nucleosides and Nucleotides	Purines	Purine conversions	Purine nucleoside phosphorylase (EC 2.4.2.1)	fig|2005473.45.peg.882, fig|2005473.45.peg.1762
Nucleosides and Nucleotides	Purines	Purine conversions	Adenylosuccinate lyase (EC 4.3.2.2)	fig|2005473.45.peg.454
Nucleosides and Nucleotides	Purines	Purine conversions	5'-nucleotidase (EC 3.1.3.5)	fig|2005473.45.peg.480, fig|2005473.45.peg.1751
Nucleosides and Nucleotides	Purines	Purine conversions	GMP synthase [glutamine-hydrolyzing], ATP pyrophosphatase subunit (EC 6.3.5.2)	fig|2005473.45.peg.821
Nucleosides and Nucleotides	Purines	Purine conversions	Adenine phosphoribosyltransferase (EC 2.4.2.7)	fig|2005473.45.peg.1057
Nucleosides and Nucleotides	Purines	Purine conversions	Guanylate kinase (EC 2.7.4.8)	fig|2005473.45.peg.85
Nucleosides and Nucleotides	Purines	Purine conversions	2',3'-cyclic-nucleotide 2'-phosphodiesterase (EC 3.1.4.16)	fig|2005473.45.peg.1751
Nucleosides and Nucleotides	Nucleosides and Nucleotides - no subcategory	Ribonucleotide reduction	Ribonucleotide reductase of class III (anaerobic), activating protein (EC 1.97.1.4)	fig|2005473.45.peg.2152
Nucleosides and Nucleotides	Nucleosides and Nucleotides - no subcategory	Ribonucleotide reduction	Ribonucleotide reductase of class III (anaerobic), large subunit (EC 1.17.4.2)	fig|2005473.45.peg.2151
Nucleosides and Nucleotides	Nucleosides and Nucleotides - no subcategory	Ribonucleotide reduction	Ribonucleotide reductase of class II (coenzyme B12-dependent) (EC 1.17.4.1)	fig|2005473.45.peg.1532
Nucleosides and Nucleotides	Nucleosides and Nucleotides - no subcategory	dNTP triphosphohydrolase protein family	dNTP triphosphohydrolase, broad substrate specificity, subgroup 3	fig|2005473.45.peg.1160
Nucleosides and Nucleotides	Nucleosides and Nucleotides - no subcategory	Adenosyl nucleosidases	S-adenosylhomocysteine nucleosidase (EC 3.2.2.9)	fig|2005473.45.peg.1162
Nucleosides and Nucleotides	Nucleosides and Nucleotides - no subcategory	Adenosyl nucleosidases	Purine nucleoside phosphorylase (EC 2.4.2.1)	fig|2005473.45.peg.882, fig|2005473.45.peg.1762
Nucleosides and Nucleotides	Nucleosides and Nucleotides - no subcategory	Adenosyl nucleosidases	5'-methylthioadenosine nucleosidase (EC 3.2.2.16)	fig|2005473.45.peg.1162
Nucleosides and Nucleotides	Detoxification	Nucleoside triphosphate pyrophosphohydrolase MazG	Nucleoside triphosphate pyrophosphohydrolase MazG (EC 3.6.1.8)	fig|2005473.45.peg.99
Nucleosides and Nucleotides	Detoxification	Nudix proteins (nucleoside triphosphate hydrolases)	Deoxyuridine 5'-triphosphate nucleotidohydrolase (EC 3.6.1.23)	fig|2005473.45.peg.2014
Nucleosides and Nucleotides	Detoxification	Nudix proteins (nucleoside triphosphate hydrolases)	ADP-ribose pyrophosphatase (EC 3.6.1.13)	fig|2005473.45.peg.321
Nucleosides and Nucleotides	Detoxification	Housecleaning nucleoside triphosphate pyrophosphatases	Deoxyuridine 5'-triphosphate nucleotidohydrolase (EC 3.6.1.23)	fig|2005473.45.peg.2014
Protein Metabolism	Protein folding	Protein chaperones	Heat shock protein GrpE	fig|2005473.45.peg.181
Protein Metabolism	Protein folding	Protein chaperones	Chaperone protein DnaK	fig|2005473.45.peg.1249
Protein Metabolism	Protein folding	Protein chaperones	Chaperone protein DnaJ	fig|2005473.45.peg.180
Protein Metabolism	Protein folding	Protein chaperones	Chaperone protein HtpG	fig|2005473.45.peg.956
Protein Metabolism	Protein folding	Periplasmic disulfide interchange	Cytochrome c-type biogenesis protein DsbD, protein-disulfide reductase (EC 1.8.1.8)	fig|2005473.45.peg.98
Protein Metabolism	Protein folding	Peptidyl-prolyl cis-trans isomerase	FKBP-type peptidyl-prolyl cis-trans isomerase SlyD (EC 5.2.1.8)	fig|2005473.45.peg.2026
Protein Metabolism	Protein folding	Peptidyl-prolyl cis-trans isomerase	FKBP-type peptidyl-prolyl cis-trans isomerase FklB (EC 5.2.1.8)	fig|2005473.45.peg.143, fig|2005473.45.peg.351, fig|2005473.45.peg.353
Protein Metabolism	Protein biosynthesis	tRNA aminoacylation, Val	Valyl-tRNA synthetase (EC 6.1.1.9)	fig|2005473.45.peg.1693
Protein Metabolism	Protein biosynthesis	tRNA aminoacylation, Met	Methionyl-tRNA synthetase (EC 6.1.1.10)	fig|2005473.45.peg.1206
Protein Metabolism	Protein biosynthesis	tRNA aminoacylation, Ile	Isoleucyl-tRNA synthetase (EC 6.1.1.5)	fig|2005473.45.peg.740
Protein Metabolism	Protein biosynthesis	tRNA aminoacylation, Arg	Arginyl-tRNA synthetase (EC 6.1.1.19)	fig|2005473.45.peg.779
Protein Metabolism	Protein biosynthesis	Translation initiation factors bacterial	Translation initiation factor 1	fig|2005473.45.peg.190
Protein Metabolism	Protein biosynthesis	Translation initiation factors bacterial	Methionyl-tRNA formyltransferase (EC 2.1.2.9)	fig|2005473.45.peg.47
Protein Metabolism	Protein biosynthesis	Translation initiation factors bacterial	Translation initiation factor 3	fig|2005473.45.peg.2214
Protein Metabolism	Protein biosynthesis	Translation initiation factors bacterial	Translation initiation factor 2	fig|2005473.45.peg.685
Protein Metabolism	Protein biosynthesis	Translation initiation factors bacterial	Ribosome-binding factor A	fig|2005473.45.peg.519
Protein Metabolism	Protein biosynthesis	Ribosome SSU bacterial	SSU ribosomal protein S11p (S14e)	fig|2005473.45.peg.187
Protein Metabolism	Protein biosynthesis	Ribosome SSU bacterial	SSU ribosomal protein S1p	fig|2005473.45.peg.1472
Protein Metabolism	Protein biosynthesis	Ribosome SSU bacterial	SSU ribosomal protein S6p	fig|2005473.45.peg.678
Protein Metabolism	Protein biosynthesis	Ribosome SSU bacterial	SSU ribosomal protein S15p (S13e)	fig|2005473.45.peg.121
Protein Metabolism	Protein biosynthesis	Ribosome SSU bacterial	SSU ribosomal protein S14p (S29e)	fig|2005473.45.peg.199
Protein Metabolism	Protein biosynthesis	Ribosome SSU bacterial	SSU ribosomal protein S5p (S2e)	fig|2005473.45.peg.195
Protein Metabolism	Protein biosynthesis	Ribosome SSU bacterial	SSU ribosomal protein S18p	fig|2005473.45.peg.677
Protein Metabolism	Protein biosynthesis	Ribosome SSU bacterial	SSU ribosomal protein S17p (S11e)	fig|2005473.45.peg.203
Protein Metabolism	Protein biosynthesis	Ribosome SSU bacterial	SSU ribosomal protein S20p	fig|2005473.45.peg.707
Protein Metabolism	Protein biosynthesis	Ribosome SSU bacterial	SSU ribosomal protein S12p (S23e)	fig|2005473.45.peg.216
Protein Metabolism	Protein biosynthesis	Ribosome SSU bacterial	SSU ribosomal protein S9p (S16e)	fig|2005473.45.peg.1450
Protein Metabolism	Protein biosynthesis	Ribosome SSU bacterial	SSU ribosomal protein S8p (S15Ae)	fig|2005473.45.peg.198
Protein Metabolism	Protein biosynthesis	Ribosome SSU bacterial	SSU ribosomal protein S4p (S9e)	fig|2005473.45.peg.186
Protein Metabolism	Protein biosynthesis	Ribosome SSU bacterial	SSU ribosomal protein S14p (S29e), zinc-independent	fig|2005473.45.peg.199
Protein Metabolism	Protein biosynthesis	Ribosome SSU bacterial	SSU ribosomal protein S19p (S15e)	fig|2005473.45.peg.208
Protein Metabolism	Protein biosynthesis	Ribosome SSU bacterial	SSU ribosomal protein S10p (S20e)	fig|2005473.45.peg.213
Protein Metabolism	Protein biosynthesis	Ribosome SSU bacterial	SSU ribosomal protein S16p	fig|2005473.45.peg.282
Protein Metabolism	Protein biosynthesis	Ribosome SSU bacterial	SSU ribosomal protein S3p (S3e)	fig|2005473.45.peg.206
Protein Metabolism	Protein biosynthesis	Ribosome SSU bacterial	SSU ribosomal protein S18p, zinc-independent	fig|2005473.45.peg.677
Protein Metabolism	Protein biosynthesis	Ribosome SSU bacterial	SSU ribosomal protein S7p (S5e)	fig|2005473.45.peg.215
Protein Metabolism	Protein biosynthesis	Ribosome SSU bacterial	SSU ribosomal protein S2p (SAe)	fig|2005473.45.peg.1449
Protein Metabolism	Protein biosynthesis	Ribosome SSU bacterial	SSU ribosomal protein S21p	fig|2005473.45.peg.152
Protein Metabolism	Protein biosynthesis	Ribosome SSU bacterial	SSU ribosomal protein S13p (S18e)	fig|2005473.45.peg.188
Protein Metabolism	Protein biosynthesis	tRNA aminoacylation, Gly	Glycyl-tRNA synthetase (EC 6.1.1.14)	fig|2005473.45.peg.1579
Protein Metabolism	Protein biosynthesis	tRNA aminoacylation, Ala	Alanyl-tRNA synthetase (EC 6.1.1.7)	fig|2005473.45.peg.257
Protein Metabolism	Protein biosynthesis	tRNA aminoacylation, Trp	Tryptophanyl-tRNA synthetase (EC 6.1.1.2)	fig|2005473.45.peg.1174
Protein Metabolism	Protein biosynthesis	Ribosome LSU bacterial	LSU ribosomal protein L18p (L5e)	fig|2005473.45.peg.196
Protein Metabolism	Protein biosynthesis	Ribosome LSU bacterial	LSU ribosomal protein L11p (L12e)	fig|2005473.45.peg.600
Protein Metabolism	Protein biosynthesis	Ribosome LSU bacterial	LSU ribosomal protein L5p (L11e)	fig|2005473.45.peg.200
Protein Metabolism	Protein biosynthesis	Ribosome LSU bacterial	LSU ribosomal protein L23p (L23Ae)	fig|2005473.45.peg.210
Protein Metabolism	Protein biosynthesis	Ribosome LSU bacterial	LSU ribosomal protein L14p (L23e)	fig|2005473.45.peg.202
Protein Metabolism	Protein biosynthesis	Ribosome LSU bacterial	LSU ribosomal protein L2p (L8e)	fig|2005473.45.peg.209
Protein Metabolism	Protein biosynthesis	Ribosome LSU bacterial	LSU ribosomal protein L31p	fig|2005473.45.peg.1259
Protein Metabolism	Protein biosynthesis	Ribosome LSU bacterial	LSU ribosomal protein L6p (L9e)	fig|2005473.45.peg.197
Protein Metabolism	Protein biosynthesis	Ribosome LSU bacterial	LSU ribosomal protein L21p	fig|2005473.45.peg.1459
Protein Metabolism	Protein biosynthesis	Ribosome LSU bacterial	LSU ribosomal protein L24p (L26e)	fig|2005473.45.peg.201
Protein Metabolism	Protein biosynthesis	Ribosome LSU bacterial	LSU ribosomal protein L29p (L35e)	fig|2005473.45.peg.204
Protein Metabolism	Protein biosynthesis	Ribosome LSU bacterial	LSU ribosomal protein L30p (L7e)	fig|2005473.45.peg.194
Protein Metabolism	Protein biosynthesis	Ribosome LSU bacterial	LSU ribosomal protein L31p, zinc-independent	fig|2005473.45.peg.1259
Protein Metabolism	Protein biosynthesis	Ribosome LSU bacterial	LSU ribosomal protein L1p (L10Ae)	fig|2005473.45.peg.601
Protein Metabolism	Protein biosynthesis	Ribosome LSU bacterial	LSU ribosomal protein L16p (L10e)	fig|2005473.45.peg.205
Protein Metabolism	Protein biosynthesis	Ribosome LSU bacterial	LSU ribosomal protein L25p	fig|2005473.45.peg.1497
Protein Metabolism	Protein biosynthesis	Ribosome LSU bacterial	LSU ribosomal protein L3p (L3e)	fig|2005473.45.peg.212
Protein Metabolism	Protein biosynthesis	Ribosome LSU bacterial	LSU ribosomal protein L15p (L27Ae)	fig|2005473.45.peg.193
Protein Metabolism	Protein biosynthesis	Ribosome LSU bacterial	LSU ribosomal protein L33p, zinc-independent	fig|2005473.45.peg.60
Protein Metabolism	Protein biosynthesis	Ribosome LSU bacterial	LSU ribosomal protein L13p (L13Ae)	fig|2005473.45.peg.1451
Protein Metabolism	Protein biosynthesis	Ribosome LSU bacterial	LSU ribosomal protein L22p (L17e)	fig|2005473.45.peg.207
Protein Metabolism	Protein biosynthesis	Ribosome LSU bacterial	LSU ribosomal protein L34p	fig|2005473.45.peg.875
Protein Metabolism	Protein biosynthesis	Ribosome LSU bacterial	LSU ribosomal protein L10p (P0)	fig|2005473.45.peg.602
Protein Metabolism	Protein biosynthesis	Ribosome LSU bacterial	LSU ribosomal protein L9p	fig|2005473.45.peg.676
Protein Metabolism	Protein biosynthesis	Ribosome LSU bacterial	LSU ribosomal protein L28p	fig|2005473.45.peg.61
Protein Metabolism	Protein biosynthesis	Ribosome LSU bacterial	LSU ribosomal protein L19p	fig|2005473.45.peg.1500
Protein Metabolism	Protein biosynthesis	Ribosome LSU bacterial	LSU ribosomal protein L35p	fig|2005473.45.peg.2215
Protein Metabolism	Protein biosynthesis	Ribosome LSU bacterial	LSU ribosomal protein L36p	fig|2005473.45.peg.189
Protein Metabolism	Protein biosynthesis	Ribosome LSU bacterial	LSU ribosomal protein L20p	fig|2005473.45.peg.2216
Protein Metabolism	Protein biosynthesis	Ribosome LSU bacterial	LSU ribosomal protein L32p	fig|2005473.45.peg.1384
Protein Metabolism	Protein biosynthesis	Ribosome LSU bacterial	LSU ribosomal protein L33p	fig|2005473.45.peg.60
Protein Metabolism	Protein biosynthesis	Ribosome LSU bacterial	LSU ribosomal protein L17p	fig|2005473.45.peg.184
Protein Metabolism	Protein biosynthesis	Ribosome LSU bacterial	LSU ribosomal protein L27p	fig|2005473.45.peg.1458
Protein Metabolism	Protein biosynthesis	Ribosome LSU bacterial	LSU ribosomal protein L4p (L1e)	fig|2005473.45.peg.211
Protein Metabolism	Protein biosynthesis	Programmed frameshift	programmed frameshift-containing	fig|2005473.45.peg.1141
Protein Metabolism	Protein biosynthesis	Programmed frameshift	Peptide chain release factor 2	fig|2005473.45.peg.1141
Protein Metabolism	Protein biosynthesis	tRNA aminoacylation, Cys	Cysteinyl-tRNA synthetase (EC 6.1.1.16)	fig|2005473.45.peg.1465
Protein Metabolism	Protein biosynthesis	Translation termination factors bacterial	Ribosome recycling factor	fig|2005473.45.peg.348
Protein Metabolism	Protein biosynthesis	Translation termination factors bacterial	Peptide chain release factor homolog	fig|2005473.45.peg.1158
Protein Metabolism	Protein biosynthesis	Translation termination factors bacterial	Peptidyl-tRNA hydrolase (EC 3.1.1.29)	fig|2005473.45.peg.1498
Protein Metabolism	Protein biosynthesis	Translation termination factors bacterial	Peptide deformylase (EC 3.5.1.88)	fig|2005473.45.peg.592
Protein Metabolism	Protein biosynthesis	Translation termination factors bacterial	Peptide chain release factor 3	fig|2005473.45.peg.1773
Protein Metabolism	Protein biosynthesis	Translation termination factors bacterial	tmRNA-binding protein SmpB	fig|2005473.45.peg.385
Protein Metabolism	Protein biosynthesis	Translation termination factors bacterial	Peptide chain release factor 1	fig|2005473.45.peg.2135
Protein Metabolism	Protein biosynthesis	Translation termination factors bacterial	Methionine aminopeptidase (EC 3.4.11.18)	fig|2005473.45.peg.191
Protein Metabolism	Protein biosynthesis	Translation termination factors bacterial	Peptide chain release factor 2	fig|2005473.45.peg.1141
Protein Metabolism	Protein biosynthesis	tRNA aminoacylation, His	Histidyl-tRNA synthetase (EC 6.1.1.21)	fig|2005473.45.peg.1692
Protein Metabolism	Protein biosynthesis	tRNA aminoacylation, Asp and Asn	Aspartyl-tRNA synthetase (EC 6.1.1.12)	fig|2005473.45.peg.1846
Protein Metabolism	Protein biosynthesis	tRNA aminoacylation, Asp and Asn	Asparaginyl-tRNA synthetase (EC 6.1.1.22)	fig|2005473.45.peg.452
Protein Metabolism	Protein biosynthesis	Translation elongation factors bacterial	Translation elongation factor G	fig|2005473.45.peg.214
Protein Metabolism	Protein biosynthesis	Translation elongation factors bacterial	Translation elongation factor LepA	fig|2005473.45.peg.1647
Protein Metabolism	Protein biosynthesis	Translation elongation factors bacterial	Translation elongation factor Tu	fig|2005473.45.peg.598
Protein Metabolism	Protein biosynthesis	Translation elongation factors bacterial	Translation elongation factor Ts	fig|2005473.45.peg.1448
Protein Metabolism	Protein biosynthesis	Translation elongation factors bacterial	Translation elongation factor P	fig|2005473.45.peg.1742
Protein Metabolism	Protein biosynthesis	tRNAs	tRNA-Phe-GAA	fig|2005473.45.rna.23
Protein Metabolism	Protein biosynthesis	tRNAs	tRNA-Leu-CAG	fig|2005473.45.rna.26
Protein Metabolism	Protein biosynthesis	tRNAs	tRNA-Pro-GGG	fig|2005473.45.rna.1
Protein Metabolism	Protein biosynthesis	tRNAs	tRNA-Arg-ACG	fig|2005473.45.rna.14
Protein Metabolism	Protein biosynthesis	tRNAs	tRNA-Trp-CCA	fig|2005473.45.rna.20
Protein Metabolism	Protein biosynthesis	tRNAs	tRNA-Leu-CAA	fig|2005473.45.rna.12
Protein Metabolism	Protein biosynthesis	tRNAs	tRNA-Gly-GCC	fig|2005473.45.rna.43, fig|2005473.45.rna.44
Protein Metabolism	Protein biosynthesis	tRNAs	tRNA-Ser-CGA	fig|2005473.45.rna.42
Protein Metabolism	Protein biosynthesis	tRNAs	tRNA-Leu-GAG	fig|2005473.45.rna.45
Protein Metabolism	Protein biosynthesis	tRNAs	tRNA-Arg-CCG	fig|2005473.45.rna.40
Protein Metabolism	Protein biosynthesis	tRNAs	tRNA-Ser-GGA	fig|2005473.45.rna.48
Protein Metabolism	Protein biosynthesis	tRNAs	tRNA-Ala-GGC	fig|2005473.45.rna.9
Protein Metabolism	Protein biosynthesis	tRNAs	tRNA-Pro-CGG	fig|2005473.45.rna.11
Protein Metabolism	Protein biosynthesis	tRNAs	tRNA-Gly-CCC	fig|2005473.45.rna.41
Protein Metabolism	Protein biosynthesis	tRNAs	tRNA-Cys-GCA	fig|2005473.45.rna.38
Protein Metabolism	Protein biosynthesis	tRNA aminoacylation, Lys	Lysyl-tRNA synthetase (class II) (EC 6.1.1.6)	fig|2005473.45.peg.996
Protein Metabolism	Protein biosynthesis	tRNA aminoacylation, Thr	Threonyl-tRNA synthetase (EC 6.1.1.3)	fig|2005473.45.peg.2213
Protein Metabolism	Protein biosynthesis	tRNA aminoacylation, Pro	Prolyl-tRNA synthetase (EC 6.1.1.15), archaeal/eukaryal type	fig|2005473.45.peg.2233
Protein Metabolism	Protein biosynthesis	tRNA aminoacylation, Pro	Cys-tRNA(Pro) deacylase YbaK	fig|2005473.45.peg.1324
Protein Metabolism	Protein biosynthesis	Translation elongation factor G family	Translation elongation factor G	fig|2005473.45.peg.214
Protein Metabolism	Protein biosynthesis	tRNA aminoacylation, Glu and Gln	Glutamyl-tRNA synthetase (EC 6.1.1.17)	fig|2005473.45.peg.1363
Protein Metabolism	Protein biosynthesis	tRNA aminoacylation, Glu and Gln	Glutaminyl-tRNA synthetase (EC 6.1.1.18)	fig|2005473.45.peg.1744
Protein Metabolism	Protein biosynthesis	tRNA aminoacylation, Ser	Seryl-tRNA synthetase (EC 6.1.1.11)	fig|2005473.45.peg.359
Protein Metabolism	Protein biosynthesis	tRNA aminoacylation, Tyr	Tyrosyl-tRNA synthetase (EC 6.1.1.1)	fig|2005473.45.peg.1694
Protein Metabolism	Protein biosynthesis	tRNA aminoacylation, Leu	Leucyl-tRNA synthetase (EC 6.1.1.4)	fig|2005473.45.peg.1094
Protein Metabolism	Protein biosynthesis	tRNA aminoacylation, Phe	Phenylalanyl-tRNA synthetase alpha chain (EC 6.1.1.20)	fig|2005473.45.peg.2191
Protein Metabolism	Protein biosynthesis	tRNA aminoacylation, Phe	Phenylalanyl-tRNA synthetase beta chain (EC 6.1.1.20)	fig|2005473.45.peg.440
Protein Metabolism	Protein processing and modification	Signal peptidase	Signal peptidase I (EC 3.4.21.89)	fig|2005473.45.peg.1099, fig|2005473.45.peg.1907, fig|2005473.45.peg.1940
Protein Metabolism	Protein processing and modification	Signal peptidase	Lipoprotein signal peptidase (EC 3.4.23.36)	fig|2005473.45.peg.742
Protein Metabolism	Protein degradation	Aminopeptidases (EC 3.4.11.-)	Xaa-Pro aminopeptidase (EC 3.4.11.9)	fig|2005473.45.peg.596, fig|2005473.45.peg.667
Protein Metabolism	Protein degradation	Aminopeptidases (EC 3.4.11.-)	Aminopeptidase Y (Arg, Lys, Leu preference) (EC 3.4.11.15)	fig|2005473.45.peg.285
Protein Metabolism	Protein degradation	Protein degradation	Dipeptidyl carboxypeptidase Dcp (EC 3.4.15.5)	fig|2005473.45.peg.46, fig|2005473.45.peg.169
Protein Metabolism	Protein degradation	Protein degradation	Aminopeptidase C (EC 3.4.22.40)	fig|2005473.45.peg.28, fig|2005473.45.peg.438, fig|2005473.45.peg.1300
Protein Metabolism	Protein degradation	Metallocarboxypeptidases (EC 3.4.17.-)	D-alanyl-D-alanine carboxypeptidase (EC 3.4.16.4)	fig|2005473.45.peg.2241
Protein Metabolism	Protein degradation	Metallocarboxypeptidases (EC 3.4.17.-)	Muramoyltetrapeptide carboxypeptidase (EC 3.4.17.13)	fig|2005473.45.peg.1107
Protein Metabolism	Protein degradation	Serine endopeptidase (EC 3.4.21.-)	Prolyl endopeptidase (EC 3.4.21.26)	fig|2005473.45.peg.1185
Protein Metabolism	Protein degradation	Proteolysis in bacteria, ATP-dependent	DNA repair protein RadA	fig|2005473.45.peg.1775
Protein Metabolism	Protein degradation	Proteolysis in bacteria, ATP-dependent	ATP-dependent Clp protease ATP-binding subunit ClpX	fig|2005473.45.peg.2132
Protein Metabolism	Protein degradation	Proteolysis in bacteria, ATP-dependent	ATP-dependent Clp protease, ATP-binding subunit ClpC	fig|2005473.45.peg.957
Protein Metabolism	Protein degradation	Proteolysis in bacteria, ATP-dependent	ATP-dependent protease La (EC 3.4.21.53) Type I	fig|2005473.45.peg.1777
Cell Division and Cell Cycle	Checkpoint control	Bacterial checkpoint-control-related cluster	Diadenylate cyclase spyDAC	fig|2005473.45.peg.1256
Cell Division and Cell Cycle	Checkpoint control	Bacterial checkpoint-control-related cluster	Phosphoglucosamine mutase (EC 5.4.2.10)	fig|2005473.45.peg.736
Cell Division and Cell Cycle	Checkpoint control	Bacterial checkpoint-control-related cluster	Bacterial checkpoint controller DisA with nucleotide-binding domain	fig|2005473.45.peg.1256
Regulation and Cell signaling	Regulation and Cell signaling - no subcategory	Stringent Response, (p)ppGpp metabolism	GTP pyrophosphokinase (EC 2.7.6.5), (p)ppGpp synthetase II	fig|2005473.45.peg.1289
Regulation and Cell signaling	Regulation and Cell signaling - no subcategory	Stringent Response, (p)ppGpp metabolism	Guanosine-3',5'-bis(diphosphate) 3'-pyrophosphohydrolase (EC 3.1.7.2)	fig|2005473.45.peg.1289
Regulation and Cell signaling	Regulation and Cell signaling - no subcategory	Stringent Response, (p)ppGpp metabolism	GTP pyrophosphokinase (EC 2.7.6.5), (p)ppGpp synthetase I	fig|2005473.45.peg.2123
Regulation and Cell signaling	Programmed Cell Death and Toxin-antitoxin Systems	Murein hydrolase regulation and cell death	LrgA-associated membrane protein LrgB	fig|2005473.45.peg.988
Regulation and Cell signaling	Programmed Cell Death and Toxin-antitoxin Systems	Murein hydrolase regulation and cell death	Antiholin-like protein LrgA	fig|2005473.45.peg.989
Regulation and Cell signaling	Programmed Cell Death and Toxin-antitoxin Systems	Murein hydrolase regulation and cell death	Cytidine deaminase (EC 3.5.4.5)	fig|2005473.45.peg.449
Secondary Metabolism	Plant Alkaloids	Alkaloid biosynthesis from L-lysine	Oxalyl-CoA decarboxylase (EC 4.1.1.8)	fig|2005473.45.peg.345
DNA Metabolism	DNA repair	DNA repair, bacterial	Exodeoxyribonuclease VII large subunit (EC 3.1.11.6)	fig|2005473.45.peg.1388
DNA Metabolism	DNA repair	DNA repair, bacterial	DNA repair protein RadA	fig|2005473.45.peg.1775
DNA Metabolism	DNA repair	DNA repair, bacterial	DNA repair protein RecN	fig|2005473.45.peg.1545
DNA Metabolism	DNA repair	DNA repair, bacterial	DNA-cytosine methyltransferase (EC 2.1.1.37)	fig|2005473.45.peg.334, fig|2005473.45.peg.2148
DNA Metabolism	DNA repair	DNA repair, bacterial	Very-short-patch mismatch repair endonuclease (G-T specific)	fig|2005473.45.peg.335, fig|2005473.45.peg.2147
DNA Metabolism	DNA repair	DNA repair, bacterial	Single-stranded DNA-binding protein	fig|2005473.45.peg.1736
DNA Metabolism	DNA repair	DNA repair, bacterial	Endonuclease IV (EC 3.1.21.2)	fig|2005473.45.peg.914
DNA Metabolism	DNA repair	DNA repair, bacterial	Methylated-DNA--protein-cysteine methyltransferase (EC 2.1.1.63)	fig|2005473.45.peg.1535
DNA Metabolism	DNA repair	DNA repair, bacterial	Methyl-directed repair DNA adenine methylase (EC 2.1.1.72)	fig|2005473.45.peg.852
DNA Metabolism	DNA repair	DNA repair, bacterial	RecA protein	fig|2005473.45.peg.378
DNA Metabolism	DNA repair	DNA repair, bacterial MutL-MutS system	Recombination inhibitory protein MutS2	fig|2005473.45.peg.2202
DNA Metabolism	DNA repair	DNA repair, bacterial MutL-MutS system	DNA mismatch repair protein MutS	fig|2005473.45.peg.1017, fig|2005473.45.peg.1969
DNA Metabolism	DNA repair	DNA repair, bacterial MutL-MutS system	DNA mismatch repair protein MutL	fig|2005473.45.peg.699
DNA Metabolism	DNA repair	DNA repair, UvrABC system	Excinuclease ABC subunit A paralog in greater Bacteroides group	fig|2005473.45.peg.1792
DNA Metabolism	DNA repair	DNA repair, UvrABC system	Excinuclease ABC subunit C	fig|2005473.45.peg.1056
DNA Metabolism	DNA repair	DNA repair, UvrABC system	Excinuclease ABC subunit A	fig|2005473.45.peg.1541
DNA Metabolism	DNA repair	DNA repair, UvrABC system	Excinuclease ABC subunit B	fig|2005473.45.peg.1270
DNA Metabolism	DNA repair	2-phosphoglycolate salvage	Phosphoglycolate phosphatase (EC 3.1.3.18)	fig|2005473.45.peg.455
DNA Metabolism	DNA repair	DNA repair system including RecA, MutS and a hypothetical protein	DNA mismatch repair protein MutS	fig|2005473.45.peg.1017, fig|2005473.45.peg.1969
DNA Metabolism	DNA repair	DNA repair system including RecA, MutS and a hypothetical protein	RecA protein	fig|2005473.45.peg.378
DNA Metabolism	DNA Metabolism - no subcategory	Type I Restriction-Modification	Type I restriction-modification system, specificity subunit S (EC 3.1.21.3)	fig|2005473.45.peg.1824
DNA Metabolism	DNA Metabolism - no subcategory	Type I Restriction-Modification	Type I restriction-modification system, restriction subunit R (EC 3.1.21.3)	fig|2005473.45.peg.1282
DNA Metabolism	DNA Metabolism - no subcategory	Type I Restriction-Modification	Type I restriction-modification system, DNA-methyltransferase subunit M (EC 2.1.1.72)	fig|2005473.45.peg.1283, fig|2005473.45.peg.1827
DNA Metabolism	DNA Metabolism - no subcategory	Restriction-Modification System	Type I restriction-modification system, specificity subunit S (EC 3.1.21.3)	fig|2005473.45.peg.1824
DNA Metabolism	DNA Metabolism - no subcategory	Restriction-Modification System	Type III restriction-modification system methylation subunit (EC 2.1.1.72)	fig|2005473.45.peg.445, fig|2005473.45.peg.446
DNA Metabolism	DNA Metabolism - no subcategory	Restriction-Modification System	Type I restriction-modification system, restriction subunit R (EC 3.1.21.3)	fig|2005473.45.peg.1282
DNA Metabolism	DNA Metabolism - no subcategory	Restriction-Modification System	Type I restriction-modification system, DNA-methyltransferase subunit M (EC 2.1.1.72)	fig|2005473.45.peg.1283, fig|2005473.45.peg.1827
DNA Metabolism	DNA Metabolism - no subcategory	Restriction-Modification System	Putative DNA-binding protein in cluster with Type I restriction-modification system	fig|2005473.45.peg.1277, fig|2005473.45.peg.1826
DNA Metabolism	DNA Metabolism - no subcategory	DNA structural proteins, bacterial	DNA-binding protein HU	fig|2005473.45.peg.1512
DNA Metabolism	DNA Metabolism - no subcategory	DNA structural proteins, bacterial	DNA-binding protein HBsu	fig|2005473.45.peg.175
DNA Metabolism	DNA replication	DNA topoisomerases, Type I, ATP-independent	DNA topoisomerase III (EC 5.99.1.2)	fig|2005473.45.peg.101
DNA Metabolism	DNA replication	DNA topoisomerases, Type I, ATP-independent	DNA topoisomerase I (EC 5.99.1.2)	fig|2005473.45.peg.466
DNA Metabolism	DNA replication	DNA topoisomerases, Type II, ATP-dependent	DNA gyrase subunit B (EC 5.99.1.3)	fig|2005473.45.peg.1266
DNA Metabolism	DNA replication	DNA topoisomerases, Type II, ATP-dependent	DNA gyrase subunit A (EC 5.99.1.3)	fig|2005473.45.peg.959
DNA Metabolism	DNA uptake, competence	DNA processing cluster	Recombination protein RecR	fig|2005473.45.peg.1924
DNA Metabolism	DNA uptake, competence	DNA processing cluster	DNA topoisomerase III (EC 5.99.1.2)	fig|2005473.45.peg.101
DNA Metabolism	DNA uptake, competence	DNA processing cluster	DNA polymerase III subunits gamma and tau (EC 2.7.7.7)	fig|2005473.45.peg.537
Fatty Acids, Lipids, and Isoprenoids	Triacylglycerols	Triacylglycerol metabolism	Lysophospholipase (EC 3.1.1.5)	fig|2005473.45.peg.1759
Fatty Acids, Lipids, and Isoprenoids	Triacylglycerols	Triacylglycerol metabolism	Phospholipase A1 precursor (EC 3.1.1.32, EC 3.1.1.4)	fig|2005473.45.peg.1078
Fatty Acids, Lipids, and Isoprenoids	Isoprenoids	Isoprenoinds for Quinones	Undecaprenyl diphosphate synthase (EC 2.5.1.31)	fig|2005473.45.peg.1345
Fatty Acids, Lipids, and Isoprenoids	Isoprenoids	Isoprenoinds for Quinones	Geranylgeranyl diphosphate synthase (EC 2.5.1.29)	fig|2005473.45.peg.1561
Fatty Acids, Lipids, and Isoprenoids	Isoprenoids	Nonmevalonate Branch of Isoprenoid Biosynthesis	1-deoxy-D-xylulose 5-phosphate reductoisomerase (EC 1.1.1.267)	fig|2005473.45.peg.622
Fatty Acids, Lipids, and Isoprenoids	Isoprenoids	Nonmevalonate Branch of Isoprenoid Biosynthesis	4-diphosphocytidyl-2-C-methyl-D-erythritol kinase (EC 2.7.1.148)	fig|2005473.45.peg.182
Fatty Acids, Lipids, and Isoprenoids	Isoprenoids	Nonmevalonate Branch of Isoprenoid Biosynthesis	2-C-methyl-D-erythritol 2,4-cyclodiphosphate synthase (EC 4.6.1.12)	fig|2005473.45.peg.1911
Fatty Acids, Lipids, and Isoprenoids	Isoprenoids	Nonmevalonate Branch of Isoprenoid Biosynthesis	2-C-methyl-D-erythritol 4-phosphate cytidylyltransferase (EC 2.7.7.60)	fig|2005473.45.peg.1436
Fatty Acids, Lipids, and Isoprenoids	Isoprenoids	Nonmevalonate Branch of Isoprenoid Biosynthesis	1-deoxy-D-xylulose 5-phosphate synthase (EC 2.2.1.7)	fig|2005473.45.peg.280, fig|2005473.45.peg.1789
Dormancy and Sporulation	Dormancy and Sporulation - no subcategory	Persister Cells	HipA protein	fig|2005473.45.peg.1962
Dormancy and Sporulation	Dormancy and Sporulation - no subcategory	Sporulation-associated proteins with broader functions	Peptidyl-tRNA hydrolase (EC 3.1.1.29)	fig|2005473.45.peg.1498
Respiration	Electron donating reactions	Respiratory Complex I	NADH-ubiquinone oxidoreductase chain K (EC 1.6.5.3)	fig|2005473.45.peg.1610
Respiration	Electron donating reactions	Respiratory Complex I	NADH-ubiquinone oxidoreductase chain L (EC 1.6.5.3)	fig|2005473.45.peg.1611
Respiration	Electron donating reactions	Respiratory Complex I	NADH-ubiquinone oxidoreductase chain J (EC 1.6.5.3)	fig|2005473.45.peg.1609
Respiration	Electron donating reactions	Respiratory Complex I	NADH-ubiquinone oxidoreductase chain N (EC 1.6.5.3)	fig|2005473.45.peg.1613
Respiration	Electron donating reactions	Respiratory Complex I	NADH-ubiquinone oxidoreductase chain H (EC 1.6.5.3)	fig|2005473.45.peg.1599
Respiration	Electron donating reactions	Respiratory Complex I	NADH-ubiquinone oxidoreductase chain B (EC 1.6.5.3)	fig|2005473.45.peg.1597
Respiration	Electron donating reactions	Respiratory Complex I	NADH-ubiquinone oxidoreductase chain I (EC 1.6.5.3)	fig|2005473.45.peg.1608
Respiration	Electron donating reactions	Respiratory Complex I	NADH-ubiquinone oxidoreductase chain M (EC 1.6.5.3)	fig|2005473.45.peg.1612
Respiration	Electron donating reactions	Respiratory Complex I	NADH-ubiquinone oxidoreductase chain C (EC 1.6.5.3)	fig|2005473.45.peg.1598
Respiration	Electron donating reactions	Respiratory Complex I	NADH ubiquinone oxidoreductase chain A (EC 1.6.5.3)	fig|2005473.45.peg.1596
Respiration	Electron donating reactions	Respiratory Complex I	NADH-ubiquinone oxidoreductase chain D (EC 1.6.5.3)	fig|2005473.45.peg.1598
Respiration	Electron donating reactions	Respiratory dehydrogenases 1	NADH dehydrogenase (EC 1.6.99.3)	fig|2005473.45.peg.1793
Respiration	Electron donating reactions	NADH ubiquinone oxidoreductase	NADH-ubiquinone oxidoreductase chain K (EC 1.6.5.3)	fig|2005473.45.peg.1610
Respiration	Electron donating reactions	NADH ubiquinone oxidoreductase	NADH-ubiquinone oxidoreductase chain L (EC 1.6.5.3)	fig|2005473.45.peg.1611
Respiration	Electron donating reactions	NADH ubiquinone oxidoreductase	NADH-ubiquinone oxidoreductase chain J (EC 1.6.5.3)	fig|2005473.45.peg.1609
Respiration	Electron donating reactions	NADH ubiquinone oxidoreductase	NADH-ubiquinone oxidoreductase chain N (EC 1.6.5.3)	fig|2005473.45.peg.1613
Respiration	Electron donating reactions	NADH ubiquinone oxidoreductase	NADH-ubiquinone oxidoreductase chain H (EC 1.6.5.3)	fig|2005473.45.peg.1599
Respiration	Electron donating reactions	NADH ubiquinone oxidoreductase	NADH-ubiquinone oxidoreductase chain B (EC 1.6.5.3)	fig|2005473.45.peg.1597
Respiration	Electron donating reactions	NADH ubiquinone oxidoreductase	NADH-ubiquinone oxidoreductase chain I (EC 1.6.5.3)	fig|2005473.45.peg.1608
Respiration	Electron donating reactions	NADH ubiquinone oxidoreductase	NADH-ubiquinone oxidoreductase chain M (EC 1.6.5.3)	fig|2005473.45.peg.1612
Respiration	Electron donating reactions	NADH ubiquinone oxidoreductase	NADH-ubiquinone oxidoreductase chain C (EC 1.6.5.3)	fig|2005473.45.peg.1598
Respiration	Electron donating reactions	NADH ubiquinone oxidoreductase	NADH ubiquinone oxidoreductase chain A (EC 1.6.5.3)	fig|2005473.45.peg.1596
Respiration	Electron donating reactions	NADH ubiquinone oxidoreductase	NADH-ubiquinone oxidoreductase chain D (EC 1.6.5.3)	fig|2005473.45.peg.1598
Respiration	Respiration - no subcategory	Biogenesis of c-type cytochromes	Cytochrome c-type biogenesis protein DsbD, protein-disulfide reductase (EC 1.8.1.8)	fig|2005473.45.peg.98
Respiration	Respiration - no subcategory	Soluble cytochromes and functionally related electron carriers	Ferredoxin	fig|2005473.45.peg.146, fig|2005473.45.peg.295, fig|2005473.45.peg.304
Respiration	Sodium Ion-Coupled Energetics	Na+ translocating decarboxylases and related biotin-dependent enzymes	Oxaloacetate decarboxylase beta chain (EC 4.1.1.3)	fig|2005473.45.peg.1244
Respiration	Sodium Ion-Coupled Energetics	Na+ translocating decarboxylases and related biotin-dependent enzymes	Methylmalonyl-CoA decarboxylase, beta chain (EC 4.1.1.41)	fig|2005473.45.peg.1244
Respiration	Sodium Ion-Coupled Energetics	Na+ translocating decarboxylases and related biotin-dependent enzymes	Methylmalonyl-CoA decarboxylase, alpha chain (EC 4.1.1.41)	fig|2005473.45.peg.1247
Stress Response	Oxidative stress	Protection from Reactive Oxygen Species	Superoxide dismutase [Fe] (EC 1.15.1.1)	fig|2005473.45.peg.2107
Stress Response	Oxidative stress	Rubrerythrin	Rubrerythrin	fig|2005473.45.peg.58
Stress Response	Oxidative stress	Rubrerythrin	Rubredoxin	fig|2005473.45.peg.281
Stress Response	Stress Response - no subcategory	Carbon Starvation	Carbon starvation protein A	fig|2005473.45.peg.311
Stress Response	Periplasmic Stress	Periplasmic Stress Response	Outer membrane protein H precursor	fig|2005473.45.peg.1343
Metabolism of Aromatic Compounds	Peripheral pathways for catabolism of aromatic compounds	Quinate degradation	3-dehydroquinate dehydratase II (EC 4.2.1.10)	fig|2005473.45.peg.375
Amino Acids and Derivatives	Glutamine, glutamate, aspartate, asparagine; ammonia assimilation	Glutamine, Glutamate, Aspartate and Asparagine Biosynthesis	L-asparaginase I, cytoplasmic (EC 3.5.1.1)	fig|2005473.45.peg.1207
Amino Acids and Derivatives	Glutamine, glutamate, aspartate, asparagine; ammonia assimilation	Glutamine, Glutamate, Aspartate and Asparagine Biosynthesis	Glutamine synthetase type III, GlnN (EC 6.3.1.2)	fig|2005473.45.peg.1128
Amino Acids and Derivatives	Glutamine, glutamate, aspartate, asparagine; ammonia assimilation	Glutamine, Glutamate, Aspartate and Asparagine Biosynthesis	Aspartate--ammonia ligase (EC 6.3.1.1)	fig|2005473.45.peg.529
Amino Acids and Derivatives	Glutamine, glutamate, aspartate, asparagine; ammonia assimilation	Glutamine, Glutamate, Aspartate and Asparagine Biosynthesis	Aspartate aminotransferase (EC 2.6.1.1)	fig|2005473.45.peg.44, fig|2005473.45.peg.426, fig|2005473.45.peg.427, fig|2005473.45.peg.902
Amino Acids and Derivatives	Glutamine, glutamate, aspartate, asparagine; ammonia assimilation	Glutamine, Glutamate, Aspartate and Asparagine Biosynthesis	NADP-specific glutamate dehydrogenase (EC 1.4.1.4)	fig|2005473.45.peg.276, fig|2005473.45.peg.405
Amino Acids and Derivatives	Glutamine, glutamate, aspartate, asparagine; ammonia assimilation	Glutamine, Glutamate, Aspartate and Asparagine Biosynthesis	Glutamate racemase (EC 5.1.1.3)	fig|2005473.45.peg.1341
Amino Acids and Derivatives	Glutamine, glutamate, aspartate, asparagine; ammonia assimilation	Glutamine, Glutamate, Aspartate and Asparagine Biosynthesis	Glutaminase (EC 3.5.1.2)	fig|2005473.45.peg.1481
Amino Acids and Derivatives	Glutamine, glutamate, aspartate, asparagine; ammonia assimilation	Glutamate dehydrogenases	NADP-specific glutamate dehydrogenase (EC 1.4.1.4)	fig|2005473.45.peg.276, fig|2005473.45.peg.405
Amino Acids and Derivatives	Glutamine, glutamate, aspartate, asparagine; ammonia assimilation	Glutamine synthetases	Glutamine synthetase type III, GlnN (EC 6.3.1.2)	fig|2005473.45.peg.1128
Amino Acids and Derivatives	Lysine, threonine, methionine, and cysteine	Methionine Degradation	S-adenosylhomocysteine nucleosidase (EC 3.2.2.9)	fig|2005473.45.peg.1162
Amino Acids and Derivatives	Lysine, threonine, methionine, and cysteine	Methionine Degradation	S-ribosylhomocysteine lyase (EC 4.4.1.21)	fig|2005473.45.peg.1163
Amino Acids and Derivatives	Lysine, threonine, methionine, and cysteine	Methionine Degradation	S-adenosylmethionine synthetase (EC 2.5.1.6)	fig|2005473.45.peg.221
Amino Acids and Derivatives	Lysine, threonine, methionine, and cysteine	Methionine Degradation	Methionine transporter MetT	fig|2005473.45.peg.877
Amino Acids and Derivatives	Lysine, threonine, methionine, and cysteine	Methionine Biosynthesis	Homoserine dehydrogenase (EC 1.1.1.3)	fig|2005473.45.peg.1772
Amino Acids and Derivatives	Lysine, threonine, methionine, and cysteine	Methionine Biosynthesis	S-adenosylmethionine synthetase (EC 2.5.1.6)	fig|2005473.45.peg.221
Amino Acids and Derivatives	Lysine, threonine, methionine, and cysteine	Methionine Biosynthesis	O-succinylhomoserine sulfhydrylase (EC 2.5.1.48)	fig|2005473.45.peg.1309
Amino Acids and Derivatives	Lysine, threonine, methionine, and cysteine	Methionine Biosynthesis	Serine acetyltransferase (EC 2.3.1.30)	fig|2005473.45.peg.1025
Amino Acids and Derivatives	Lysine, threonine, methionine, and cysteine	Methionine Biosynthesis	Homoserine O-succinyltransferase (EC 2.3.1.46)	fig|2005473.45.peg.1710
Amino Acids and Derivatives	Lysine, threonine, methionine, and cysteine	Methionine Biosynthesis	5-methyltetrahydrofolate--homocysteine methyltransferase (EC 2.1.1.13)	fig|2005473.45.peg.1485
Amino Acids and Derivatives	Lysine, threonine, methionine, and cysteine	Methionine Biosynthesis	Cysteine synthase (EC 2.5.1.47)	fig|2005473.45.peg.1168
Amino Acids and Derivatives	Lysine, threonine, methionine, and cysteine	Methionine Biosynthesis	S-adenosylhomocysteine nucleosidase (EC 3.2.2.9)	fig|2005473.45.peg.1162
Amino Acids and Derivatives	Lysine, threonine, methionine, and cysteine	Methionine Biosynthesis	Cystathionine beta-lyase (EC 4.4.1.8)	fig|2005473.45.peg.1089, fig|2005473.45.peg.1317
Amino Acids and Derivatives	Lysine, threonine, methionine, and cysteine	Methionine Biosynthesis	O-acetylhomoserine sulfhydrylase (EC 2.5.1.49)	fig|2005473.45.peg.1309
Amino Acids and Derivatives	Lysine, threonine, methionine, and cysteine	Methionine Biosynthesis	S-ribosylhomocysteine lyase (EC 4.4.1.21)	fig|2005473.45.peg.1163
Amino Acids and Derivatives	Lysine, threonine, methionine, and cysteine	Methionine Biosynthesis	5,10-methylenetetrahydrofolate reductase (EC 1.5.1.20)	fig|2005473.45.peg.57
Amino Acids and Derivatives	Lysine, threonine, methionine, and cysteine	Methionine Biosynthesis	Methionine transporter MetT	fig|2005473.45.peg.877
Amino Acids and Derivatives	Lysine, threonine, methionine, and cysteine	Threonine and Homoserine Biosynthesis	Homoserine dehydrogenase (EC 1.1.1.3)	fig|2005473.45.peg.1772
Amino Acids and Derivatives	Lysine, threonine, methionine, and cysteine	Threonine and Homoserine Biosynthesis	Aspartate-semialdehyde dehydrogenase (EC 1.2.1.11)	fig|2005473.45.peg.220
Amino Acids and Derivatives	Lysine, threonine, methionine, and cysteine	Threonine and Homoserine Biosynthesis	Aspartate aminotransferase (EC 2.6.1.1)	fig|2005473.45.peg.44, fig|2005473.45.peg.426, fig|2005473.45.peg.427, fig|2005473.45.peg.902
Amino Acids and Derivatives	Lysine, threonine, methionine, and cysteine	Threonine and Homoserine Biosynthesis	Threonine synthase (EC 4.2.3.1)	fig|2005473.45.peg.1771
Amino Acids and Derivatives	Lysine, threonine, methionine, and cysteine	Threonine and Homoserine Biosynthesis	Aspartokinase (EC 2.7.2.4)	fig|2005473.45.peg.1754, fig|2005473.45.peg.1772
Amino Acids and Derivatives	Lysine, threonine, methionine, and cysteine	Threonine degradation	Threonine dehydratase, catabolic (EC 4.3.1.19)	fig|2005473.45.peg.1473
Amino Acids and Derivatives	Lysine, threonine, methionine, and cysteine	Lysine Biosynthesis DAP Pathway, GJO scratch	Diaminopimelate decarboxylase (EC 4.1.1.20)	fig|2005473.45.peg.1755
Amino Acids and Derivatives	Lysine, threonine, methionine, and cysteine	Lysine Biosynthesis DAP Pathway, GJO scratch	L,L-diaminopimelate aminotransferase (EC 2.6.1.83)	fig|2005473.45.peg.1127
Amino Acids and Derivatives	Lysine, threonine, methionine, and cysteine	Lysine Biosynthesis DAP Pathway, GJO scratch	Diaminopimelate epimerase (EC 5.1.1.7)	fig|2005473.45.peg.1126
Amino Acids and Derivatives	Lysine, threonine, methionine, and cysteine	Lysine Biosynthesis DAP Pathway, GJO scratch	Aspartate-semialdehyde dehydrogenase (EC 1.2.1.11)	fig|2005473.45.peg.220
Amino Acids and Derivatives	Lysine, threonine, methionine, and cysteine	Lysine Biosynthesis DAP Pathway, GJO scratch	4-hydroxy-tetrahydrodipicolinate reductase (EC 1.17.1.8)	fig|2005473.45.peg.1100
Amino Acids and Derivatives	Lysine, threonine, methionine, and cysteine	Lysine Biosynthesis DAP Pathway, GJO scratch	Aspartokinase (EC 2.7.2.4)	fig|2005473.45.peg.1754, fig|2005473.45.peg.1772
Amino Acids and Derivatives	Lysine, threonine, methionine, and cysteine	Lysine Biosynthesis DAP Pathway, GJO scratch	4-hydroxy-tetrahydrodipicolinate synthase (EC 4.3.3.7)	fig|2005473.45.peg.788
Amino Acids and Derivatives	Lysine, threonine, methionine, and cysteine	Lysine Biosynthesis DAP Pathway, GJO scratch	Meso-diaminopimelate D-dehydrogenase (EC 1.4.1.16)	fig|2005473.45.peg.1633
Amino Acids and Derivatives	Lysine, threonine, methionine, and cysteine	Cysteine Biosynthesis	Cysteine synthase (EC 2.5.1.47)	fig|2005473.45.peg.1168
Amino Acids and Derivatives	Lysine, threonine, methionine, and cysteine	Cysteine Biosynthesis	Sulfate permease	fig|2005473.45.peg.254
Amino Acids and Derivatives	Lysine, threonine, methionine, and cysteine	Cysteine Biosynthesis	Serine acetyltransferase (EC 2.3.1.30)	fig|2005473.45.peg.1025
Amino Acids and Derivatives	Lysine, threonine, methionine, and cysteine	Lysine Biosynthesis DAP Pathway	Diaminopimelate decarboxylase (EC 4.1.1.20)	fig|2005473.45.peg.1755
Amino Acids and Derivatives	Lysine, threonine, methionine, and cysteine	Lysine Biosynthesis DAP Pathway	L,L-diaminopimelate aminotransferase (EC 2.6.1.83)	fig|2005473.45.peg.1127
Amino Acids and Derivatives	Lysine, threonine, methionine, and cysteine	Lysine Biosynthesis DAP Pathway	Diaminopimelate epimerase (EC 5.1.1.7)	fig|2005473.45.peg.1126
Amino Acids and Derivatives	Lysine, threonine, methionine, and cysteine	Lysine Biosynthesis DAP Pathway	Aspartate-semialdehyde dehydrogenase (EC 1.2.1.11)	fig|2005473.45.peg.220
Amino Acids and Derivatives	Lysine, threonine, methionine, and cysteine	Lysine Biosynthesis DAP Pathway	4-hydroxy-tetrahydrodipicolinate reductase (EC 1.17.1.8)	fig|2005473.45.peg.1100
Amino Acids and Derivatives	Lysine, threonine, methionine, and cysteine	Lysine Biosynthesis DAP Pathway	Aspartokinase (EC 2.7.2.4)	fig|2005473.45.peg.1754, fig|2005473.45.peg.1772
Amino Acids and Derivatives	Lysine, threonine, methionine, and cysteine	Lysine Biosynthesis DAP Pathway	4-hydroxy-tetrahydrodipicolinate synthase (EC 4.3.3.7)	fig|2005473.45.peg.788
Amino Acids and Derivatives	Lysine, threonine, methionine, and cysteine	Lysine Biosynthesis DAP Pathway	Meso-diaminopimelate D-dehydrogenase (EC 1.4.1.16)	fig|2005473.45.peg.1633
Amino Acids and Derivatives	Branched-chain amino acids	Branched-Chain Amino Acid Biosynthesis	3-isopropylmalate dehydratase small subunit (EC 4.2.1.33)	fig|2005473.45.peg.1177
Amino Acids and Derivatives	Branched-chain amino acids	Branched-Chain Amino Acid Biosynthesis	2-isopropylmalate synthase (EC 2.3.3.13)	fig|2005473.45.peg.1179
Amino Acids and Derivatives	Branched-chain amino acids	Branched-Chain Amino Acid Biosynthesis	Branched-chain amino acid aminotransferase (EC 2.6.1.42)	fig|2005473.45.peg.289
Amino Acids and Derivatives	Branched-chain amino acids	Branched-Chain Amino Acid Biosynthesis	3-isopropylmalate dehydrogenase (EC 1.1.1.85)	fig|2005473.45.peg.1176
Amino Acids and Derivatives	Branched-chain amino acids	Branched-Chain Amino Acid Biosynthesis	Threonine dehydratase, catabolic (EC 4.3.1.19)	fig|2005473.45.peg.1473
Amino Acids and Derivatives	Branched-chain amino acids	Branched-Chain Amino Acid Biosynthesis	3-isopropylmalate dehydratase large subunit (EC 4.2.1.33)	fig|2005473.45.peg.1178
Amino Acids and Derivatives	Branched-chain amino acids	Branched-Chain Amino Acid Biosynthesis	Acetolactate synthase large subunit (EC 2.2.1.6)	fig|2005473.45.peg.638
Amino Acids and Derivatives	Branched-chain amino acids	Branched-Chain Amino Acid Biosynthesis	Dihydroxy-acid dehydratase (EC 4.2.1.9)	fig|2005473.45.peg.639
Amino Acids and Derivatives	Branched-chain amino acids	Branched-Chain Amino Acid Biosynthesis	Acetolactate synthase small subunit (EC 2.2.1.6)	fig|2005473.45.peg.637
Amino Acids and Derivatives	Branched-chain amino acids	Leucine Biosynthesis	3-isopropylmalate dehydratase small subunit (EC 4.2.1.33)	fig|2005473.45.peg.1177
Amino Acids and Derivatives	Branched-chain amino acids	Leucine Biosynthesis	3-isopropylmalate dehydratase large subunit (EC 4.2.1.33)	fig|2005473.45.peg.1178
Amino Acids and Derivatives	Branched-chain amino acids	Leucine Biosynthesis	2-isopropylmalate synthase (EC 2.3.3.13)	fig|2005473.45.peg.1179
Amino Acids and Derivatives	Branched-chain amino acids	Leucine Biosynthesis	Branched-chain amino acid aminotransferase (EC 2.6.1.42)	fig|2005473.45.peg.289
Amino Acids and Derivatives	Branched-chain amino acids	Leucine Biosynthesis	3-isopropylmalate dehydrogenase (EC 1.1.1.85)	fig|2005473.45.peg.1176
Amino Acids and Derivatives	Aromatic amino acids and derivatives	Common Pathway For Synthesis of Aromatic Compounds (DAHP synthase to chorismate)	Shikimate kinase I (EC 2.7.1.71)	fig|2005473.45.peg.776
Amino Acids and Derivatives	Aromatic amino acids and derivatives	Common Pathway For Synthesis of Aromatic Compounds (DAHP synthase to chorismate)	Shikimate 5-dehydrogenase I alpha (EC 1.1.1.25)	fig|2005473.45.peg.1590
Amino Acids and Derivatives	Aromatic amino acids and derivatives	Common Pathway For Synthesis of Aromatic Compounds (DAHP synthase to chorismate)	3-dehydroquinate dehydratase II (EC 4.2.1.10)	fig|2005473.45.peg.375
Amino Acids and Derivatives	Aromatic amino acids and derivatives	Common Pathway For Synthesis of Aromatic Compounds (DAHP synthase to chorismate)	2-keto-3-deoxy-D-arabino-heptulosonate-7-phosphate synthase I beta (EC 2.5.1.54)	fig|2005473.45.peg.425
Amino Acids and Derivatives	Aromatic amino acids and derivatives	Common Pathway For Synthesis of Aromatic Compounds (DAHP synthase to chorismate)	3-dehydroquinate synthase (EC 4.2.3.4)	fig|2005473.45.peg.2034
Amino Acids and Derivatives	Aromatic amino acids and derivatives	Common Pathway For Synthesis of Aromatic Compounds (DAHP synthase to chorismate)	Chorismate synthase (EC 4.2.3.5)	fig|2005473.45.peg.1325
Amino Acids and Derivatives	Aromatic amino acids and derivatives	Phenylalanine and Tyrosine Branches from Chorismate	Chorismate mutase I (EC 5.4.99.5)	fig|2005473.45.peg.425
Amino Acids and Derivatives	Aromatic amino acids and derivatives	Phenylalanine and Tyrosine Branches from Chorismate	Prephenate dehydratase (EC 4.2.1.51)	fig|2005473.45.peg.428, fig|2005473.45.peg.1690
Amino Acids and Derivatives	Aromatic amino acids and derivatives	Phenylalanine and Tyrosine Branches from Chorismate	Prephenate and/or arogenate dehydrogenase (unknown specificity) (EC 1.3.1.12)(EC 1.3.1.43)	fig|2005473.45.peg.424
Amino Acids and Derivatives	Aromatic amino acids and derivatives	Phenylalanine and Tyrosine Branches from Chorismate	Biosynthetic Aromatic amino acid aminotransferase alpha (EC 2.6.1.57)	fig|2005473.45.peg.426, fig|2005473.45.peg.427
Amino Acids and Derivatives	Alanine, serine, and glycine	Glycine Biosynthesis	Serine hydroxymethyltransferase (EC 2.1.2.1)	fig|2005473.45.peg.931
Amino Acids and Derivatives	Alanine, serine, and glycine	Alanine biosynthesis	Branched-chain amino acid aminotransferase (EC 2.6.1.42)	fig|2005473.45.peg.289
Amino Acids and Derivatives	Alanine, serine, and glycine	Alanine biosynthesis	Alanine racemase (EC 5.1.1.1)	fig|2005473.45.peg.2042
Amino Acids and Derivatives	Alanine, serine, and glycine	Serine Biosynthesis	D-3-phosphoglycerate dehydrogenase (EC 1.1.1.95)	fig|2005473.45.peg.885
Amino Acids and Derivatives	Alanine, serine, and glycine	Serine Biosynthesis	Phosphoserine phosphatase (EC 3.1.3.3)	fig|2005473.45.peg.1953, fig|2005473.45.peg.1953
Amino Acids and Derivatives	Alanine, serine, and glycine	Serine Biosynthesis	Serine hydroxymethyltransferase (EC 2.1.2.1)	fig|2005473.45.peg.931
Amino Acids and Derivatives	Alanine, serine, and glycine	Serine Biosynthesis	Phosphoserine aminotransferase (EC 2.6.1.52)	fig|2005473.45.peg.886
Amino Acids and Derivatives	Alanine, serine, and glycine	Glycine cleavage system	Glycine cleavage system H protein	fig|2005473.45.peg.1402
Amino Acids and Derivatives	Alanine, serine, and glycine	Glycine cleavage system	Glycine dehydrogenase [decarboxylating] (glycine cleavage system P2 protein) (EC 1.4.4.2)	fig|2005473.45.peg.1404
Amino Acids and Derivatives	Alanine, serine, and glycine	Glycine cleavage system	Glycine dehydrogenase [decarboxylating] (glycine cleavage system P1 protein) (EC 1.4.4.2)	fig|2005473.45.peg.1403
Amino Acids and Derivatives	Alanine, serine, and glycine	Glycine cleavage system	Aminomethyltransferase (glycine cleavage system T protein) (EC 2.1.2.10)	fig|2005473.45.peg.1401
Amino Acids and Derivatives	Alanine, serine, and glycine	Glycine and Serine Utilization	D-3-phosphoglycerate dehydrogenase (EC 1.1.1.95)	fig|2005473.45.peg.885
Amino Acids and Derivatives	Alanine, serine, and glycine	Glycine and Serine Utilization	L-serine dehydratase, alpha subunit (EC 4.3.1.17)	fig|2005473.45.peg.1120
Amino Acids and Derivatives	Alanine, serine, and glycine	Glycine and Serine Utilization	Phosphoserine phosphatase (EC 3.1.3.3)	fig|2005473.45.peg.1953
Amino Acids and Derivatives	Alanine, serine, and glycine	Glycine and Serine Utilization	L-serine dehydratase, beta subunit (EC 4.3.1.17)	fig|2005473.45.peg.1120
Amino Acids and Derivatives	Alanine, serine, and glycine	Glycine and Serine Utilization	Glycine dehydrogenase [decarboxylating] (glycine cleavage system P2 protein) (EC 1.4.4.2)	fig|2005473.45.peg.1404
Amino Acids and Derivatives	Alanine, serine, and glycine	Glycine and Serine Utilization	Glycine dehydrogenase [decarboxylating] (glycine cleavage system P1 protein) (EC 1.4.4.2)	fig|2005473.45.peg.1403
Amino Acids and Derivatives	Alanine, serine, and glycine	Glycine and Serine Utilization	Serine hydroxymethyltransferase (EC 2.1.2.1)	fig|2005473.45.peg.931
Amino Acids and Derivatives	Alanine, serine, and glycine	Glycine and Serine Utilization	Threonine dehydratase, catabolic (EC 4.3.1.19)	fig|2005473.45.peg.1473
Amino Acids and Derivatives	Alanine, serine, and glycine	Glycine and Serine Utilization	Seryl-tRNA synthetase (EC 6.1.1.11)	fig|2005473.45.peg.359
Amino Acids and Derivatives	Alanine, serine, and glycine	Glycine and Serine Utilization	Phosphoserine aminotransferase (EC 2.6.1.52)	fig|2005473.45.peg.886
Amino Acids and Derivatives	Alanine, serine, and glycine	Glycine and Serine Utilization	Glycine cleavage system H protein	fig|2005473.45.peg.1402
Amino Acids and Derivatives	Alanine, serine, and glycine	Glycine and Serine Utilization	L-serine dehydratase, (PLP)-dependent (EC 4.3.1.17)	fig|2005473.45.peg.1473
Amino Acids and Derivatives	Alanine, serine, and glycine	Glycine and Serine Utilization	Aminomethyltransferase (glycine cleavage system T protein) (EC 2.1.2.10)	fig|2005473.45.peg.1401
Sulfur Metabolism	Sulfur Metabolism - no subcategory	Thioredoxin-disulfide reductase	Thiol peroxidase, Tpx-type (EC 1.11.1.15)	fig|2005473.45.peg.1956
Sulfur Metabolism	Sulfur Metabolism - no subcategory	Thioredoxin-disulfide reductase	Thioredoxin reductase (EC 1.8.1.9)	fig|2005473.45.peg.115
Sulfur Metabolism	Sulfur Metabolism - no subcategory	Galactosylceramide and Sulfatide metabolism	Arylsulfatase (EC 3.1.6.1)	fig|2005473.45.peg.661, fig|2005473.45.peg.1713
Phosphorus Metabolism	Phosphorus Metabolism - no subcategory	High affinity phosphate transporter and control of PHO regulon	Phosphate regulon transcriptional regulatory protein PhoB (SphR)	fig|2005473.45.peg.1899
Phosphorus Metabolism	Phosphorus Metabolism - no subcategory	High affinity phosphate transporter and control of PHO regulon	Phosphate regulon sensor protein PhoR (SphS) (EC 2.7.13.3)	fig|2005473.45.peg.617, fig|2005473.45.peg.1900
Carbohydrates	Central carbohydrate metabolism	Methylglyoxal Metabolism	Methylglyoxal synthase (EC 4.2.3.3)	fig|2005473.45.peg.267
Carbohydrates	Central carbohydrate metabolism	Pyruvate metabolism II: acetyl-CoA, acetogenesis from pyruvate	Phosphate acetyltransferase (EC 2.3.1.8)	fig|2005473.45.peg.1635
Carbohydrates	Central carbohydrate metabolism	Pyruvate metabolism II: acetyl-CoA, acetogenesis from pyruvate	Acetate kinase (EC 2.7.2.1)	fig|2005473.45.peg.1634
Carbohydrates	Central carbohydrate metabolism	Pyruvate metabolism II: acetyl-CoA, acetogenesis from pyruvate	NAD-dependent protein deacetylase of SIR2 family	fig|2005473.45.peg.230
Carbohydrates	Central carbohydrate metabolism	Pyruvate metabolism I: anaplerotic reactions, PEP	Pyruvate,phosphate dikinase (EC 2.7.9.1)	fig|2005473.45.peg.861, fig|2005473.45.peg.862
Carbohydrates	Central carbohydrate metabolism	Pyruvate metabolism I: anaplerotic reactions, PEP	Oxaloacetate decarboxylase beta chain (EC 4.1.1.3)	fig|2005473.45.peg.1244
Carbohydrates	Central carbohydrate metabolism	Pyruvate metabolism I: anaplerotic reactions, PEP	Phosphoenolpyruvate carboxykinase [ATP] (EC 4.1.1.49)	fig|2005473.45.peg.991
Carbohydrates	Central carbohydrate metabolism	Pyruvate metabolism I: anaplerotic reactions, PEP	NADP-dependent malic enzyme (EC 1.1.1.40)	fig|2005473.45.peg.1474
Carbohydrates	Central carbohydrate metabolism	Pyruvate metabolism I: anaplerotic reactions, PEP	Pyruvate kinase (EC 2.7.1.40)	fig|2005473.45.peg.374
Carbohydrates	Central carbohydrate metabolism	Pyruvate Alanine Serine Interconversions	L-serine dehydratase, alpha subunit (EC 4.3.1.17)	fig|2005473.45.peg.1120
Carbohydrates	Central carbohydrate metabolism	Pyruvate Alanine Serine Interconversions	Branched-chain amino acid aminotransferase (EC 2.6.1.42)	fig|2005473.45.peg.289
Carbohydrates	Central carbohydrate metabolism	Pyruvate Alanine Serine Interconversions	L-serine dehydratase, beta subunit (EC 4.3.1.17)	fig|2005473.45.peg.1120
Carbohydrates	Central carbohydrate metabolism	Pyruvate Alanine Serine Interconversions	Alanine dehydrogenase (EC 1.4.1.1)	fig|2005473.45.peg.775
Carbohydrates	Central carbohydrate metabolism	Pyruvate Alanine Serine Interconversions	Alanine racemase (EC 5.1.1.1)	fig|2005473.45.peg.2042
Carbohydrates	Central carbohydrate metabolism	Glycolysis and Gluconeogenesis	6-phosphofructokinase (EC 2.7.1.11)	fig|2005473.45.peg.514
Carbohydrates	Central carbohydrate metabolism	Glycolysis and Gluconeogenesis	Triosephosphate isomerase (EC 5.3.1.1)	fig|2005473.45.peg.964
Carbohydrates	Central carbohydrate metabolism	Glycolysis and Gluconeogenesis	Pyruvate,phosphate dikinase (EC 2.7.9.1)	fig|2005473.45.peg.861, fig|2005473.45.peg.862
Carbohydrates	Central carbohydrate metabolism	Glycolysis and Gluconeogenesis	Fructose-bisphosphate aldolase class II (EC 4.1.2.13)	fig|2005473.45.peg.154
Carbohydrates	Central carbohydrate metabolism	Glycolysis and Gluconeogenesis	Pyrophosphate-dependent fructose 6-phosphate-1-kinase (EC 2.7.1.90)	fig|2005473.45.peg.314
Carbohydrates	Central carbohydrate metabolism	Glycolysis and Gluconeogenesis	Glucose-6-phosphate isomerase (EC 5.3.1.9)	fig|2005473.45.peg.994
Carbohydrates	Central carbohydrate metabolism	Glycolysis and Gluconeogenesis	Pyruvate kinase (EC 2.7.1.40)	fig|2005473.45.peg.374
Carbohydrates	Central carbohydrate metabolism	Glycolysis and Gluconeogenesis	Enolase (EC 4.2.1.11)	fig|2005473.45.peg.1993
Carbohydrates	Central carbohydrate metabolism	Glycolysis and Gluconeogenesis	NAD-dependent glyceraldehyde-3-phosphate dehydrogenase (EC 1.2.1.12)	fig|2005473.45.peg.772
Carbohydrates	Central carbohydrate metabolism	Glycolysis and Gluconeogenesis	Phosphoglycerate kinase (EC 2.7.2.3)	fig|2005473.45.peg.2137
Carbohydrates	Central carbohydrate metabolism	Glycolate, glyoxylate interconversions	Phosphoglycolate phosphatase (EC 3.1.3.18)	fig|2005473.45.peg.455
Carbohydrates	Aminosugars	Chitin and N-acetylglucosamine utilization	N-acetylglucosamine related transporter, NagX	fig|2005473.45.peg.1741
Carbohydrates	Aminosugars	Chitin and N-acetylglucosamine utilization	Glucosamine-6-phosphate deaminase (EC 3.5.99.6)	fig|2005473.45.peg.1438, fig|2005473.45.peg.2184
Carbohydrates	Aminosugars	Chitin and N-acetylglucosamine utilization	N-acetylglucosamine-6-phosphate deacetylase (EC 3.5.1.25)	fig|2005473.45.peg.2066
Carbohydrates	Aminosugars	Chitin and N-acetylglucosamine utilization	Alpha-N-acetylglucosaminidase (EC 3.2.1.50)	fig|2005473.45.peg.474
Carbohydrates	Di- and oligosaccharides	Maltose and Maltodextrin Utilization	Alpha-amylase (EC 3.2.1.1)	fig|2005473.45.peg.1134
Carbohydrates	Di- and oligosaccharides	Maltose and Maltodextrin Utilization	4-alpha-glucanotransferase (amylomaltase) (EC 2.4.1.25)	fig|2005473.45.peg.1533
Carbohydrates	Di- and oligosaccharides	Maltose and Maltodextrin Utilization	Maltodextrin glucosidase (EC 3.2.1.20)	fig|2005473.45.peg.1195
Carbohydrates	Di- and oligosaccharides	Maltose and Maltodextrin Utilization	Beta-phosphoglucomutase (EC 5.4.2.6)	fig|2005473.45.peg.2035
Carbohydrates	Di- and oligosaccharides	Maltose and Maltodextrin Utilization	Glycogen phosphorylase (EC 2.4.1.1)	fig|2005473.45.peg.1726
Carbohydrates	Di- and oligosaccharides	Maltose and Maltodextrin Utilization	Aldose 1-epimerase (EC 5.1.3.3)	fig|2005473.45.peg.1212
Carbohydrates	Di- and oligosaccharides	Lactose and Galactose Uptake and Utilization	UDP-glucose 4-epimerase (EC 5.1.3.2)	fig|2005473.45.peg.615, fig|2005473.45.peg.1354
Carbohydrates	Di- and oligosaccharides	Lactose and Galactose Uptake and Utilization	Galactokinase (EC 2.7.1.6)	fig|2005473.45.peg.1307
Carbohydrates	Di- and oligosaccharides	Lactose and Galactose Uptake and Utilization	Aldose 1-epimerase (EC 5.1.3.3)	fig|2005473.45.peg.1212
Carbohydrates	One-carbon Metabolism	One-carbon metabolism by tetrahydropterines	5-formyltetrahydrofolate cyclo-ligase (EC 6.3.3.2)	fig|2005473.45.peg.2200
Carbohydrates	One-carbon Metabolism	One-carbon metabolism by tetrahydropterines	Methylenetetrahydrofolate dehydrogenase (NADP+) (EC 1.5.1.5)	fig|2005473.45.peg.1920
Carbohydrates	One-carbon Metabolism	One-carbon metabolism by tetrahydropterines	5,10-methylenetetrahydrofolate reductase (EC 1.5.1.20)	fig|2005473.45.peg.57
Carbohydrates	One-carbon Metabolism	One-carbon metabolism by tetrahydropterines	Methenyltetrahydrofolate cyclohydrolase (EC 3.5.4.9)	fig|2005473.45.peg.1920
Carbohydrates	Fermentation	Acetolactate synthase subunits	Acetolactate synthase large subunit (EC 2.2.1.6)	fig|2005473.45.peg.638
Carbohydrates	Fermentation	Acetolactate synthase subunits	Acetolactate synthase small subunit (EC 2.2.1.6)	fig|2005473.45.peg.637
Carbohydrates	Polysaccharides	Glycogen metabolism	4-alpha-glucanotransferase (amylomaltase) (EC 2.4.1.25)	fig|2005473.45.peg.1533
Carbohydrates	Polysaccharides	Glycogen metabolism	1,4-alpha-glucan (glycogen) branching enzyme, GH-13-type (EC 2.4.1.18)	fig|2005473.45.peg.343
Carbohydrates	Polysaccharides	Glycogen metabolism	Putative glycogen debranching enzyme, archaeal type, TIGR01561	fig|2005473.45.peg.1136
Carbohydrates	Polysaccharides	Glycogen metabolism	Glycogen phosphorylase (EC 2.4.1.1)	fig|2005473.45.peg.1726
Carbohydrates	Monosaccharides	Mannose Metabolism	Alpha-1,2-mannosidase	fig|2005473.45.peg.151, fig|2005473.45.peg.792, fig|2005473.45.peg.793
Carbohydrates	Monosaccharides	Mannose Metabolism	Phosphomannomutase (EC 5.4.2.8)	fig|2005473.45.peg.736
Carbohydrates	Monosaccharides	Mannose Metabolism	Mannose-6-phosphate isomerase (EC 5.3.1.8)	fig|2005473.45.peg.324
Carbohydrates	Monosaccharides	Mannose Metabolism	Endo-1,4-beta-mannosidase	fig|2005473.45.peg.765
Carbohydrates	Monosaccharides	Deoxyribose and Deoxynucleoside Catabolism	Purine nucleoside phosphorylase (EC 2.4.2.1)	fig|2005473.45.peg.882, fig|2005473.45.peg.1762
Carbohydrates	Monosaccharides	Deoxyribose and Deoxynucleoside Catabolism	Putative deoxyribonuclease YjjV	fig|2005473.45.peg.1034
Carbohydrates	Monosaccharides	Deoxyribose and Deoxynucleoside Catabolism	Deoxyribose-phosphate aldolase (EC 4.1.2.4)	fig|2005473.45.peg.1073
